time,4-9 keV,10-30 keV
2024-11-12 17:07:09.284000+00:00,4.994480633736473,0.8054360270501499
2024-11-12 17:07:29.284000+00:00,5.185196137429131,1.6500399172308757
2024-11-12 17:07:49.284000+00:00,10.378726673122939,1.0431076049801389
2024-11-12 17:08:09.284000+00:00,10.381866383554248,2.366645133495718
2024-11-12 17:08:29.284000+00:00,13.571881866450786,0.2830119848250448
2024-11-12 17:08:49.284000+00:00,5.792264080048554,1.0278975844384919
2024-11-12 17:09:09.284000+00:00,5.196037745476618,0.8667435288430677
2024-11-12 17:09:29.284000+00:00,8.779128003121857,0.07181122303010207
2024-11-12 17:09:49.284000+00:00,6.386003899572261,2.0730190515511633
2024-11-12 17:10:09.284000+00:00,8.780594110490325,2.8694846272473256
2024-11-12 17:10:29.284000+00:00,11.97751581668475,0.503943574428399
2024-11-12 17:10:49.284000+00:00,13.578794574739767,3.0644685983662847
2024-11-12 17:11:09.284000+00:00,17.570624923708927,2.3425644159320846
2024-11-12 17:11:29.284000+00:00,16.777756309512018,2.0059126853946148
2024-11-12 17:11:49.284000+00:00,22.367897033684333,2.8993519037952793
2024-11-12 17:12:09.284000+00:00,12.776670479776563,2.035937404632901
2024-11-12 17:12:28.334000+00:00,28.172344818963545,4.783359877971893
2024-11-12 17:12:43.934000+00:00,53.0144978297486,12.399358444539367
2024-11-12 17:12:57.234000+00:00,57.08507453071882,6.631297508876848
2024-11-12 17:13:11.484000+00:00,45.858743286125645,3.5939060052230305
2024-11-12 17:13:26.684000+00:00,42.35267614390099,4.478198909140997
2024-11-12 17:13:42.384000+00:00,43.39642286298246,2.5866673253462236
2024-11-12 17:13:59.134000+00:00,33.12389482771643,2.2517617566251706
2024-11-12 17:14:17.084000+00:00,29.941186075628615,1.665787411772876
2024-11-12 17:14:35.934000+00:00,24.57422068699516,2.9386099354589135
2024-11-12 17:14:55.584000+00:00,19.979635906222747,2.03474580049548
2024-11-12 17:15:15.584000+00:00,15.182498168940512,0.775156521796935
2024-11-12 17:15:35.584000+00:00,14.383343124391999,1.2426108717920428
2024-11-12 17:15:55.584000+00:00,14.381876778598055,1.208276867866134
2024-11-12 17:16:15.584000+00:00,11.385064888002349,1.2625746846201098
2024-11-12 17:16:35.584000+00:00,8.178477215768243,1.4681340098383442
2024-11-12 17:16:55.584000+00:00,9.579572010041849,2.043538224697447
2024-11-12 17:17:15.584000+00:00,7.986082005498268,1.0321139395233705
2024-11-12 17:17:35.584000+00:00,8.782097053529267,2.519617199898178
2024-11-12 17:17:55.584000+00:00,8.782097053525055,0.9060669183728214
2024-11-12 17:18:15.584000+00:00,12.781585121156875,2.1114664137366885
2024-11-12 17:18:34.084000+00:00,23.801963132962275,11.109255994063647
2024-11-12 17:18:44.084000+00:00,35.87174129496993,8.64853870871313
2024-11-12 17:18:53.584000+00:00,35.89959526060016,9.206886649126655
2024-11-12 17:19:03.084000+00:00,26.548361142557138,6.684844821711843
2024-11-12 17:19:12.434000+00:00,42.10438600770137,4.308994256765869
2024-11-12 17:19:27.134000+00:00,54.35005048765888,4.2846993286245265
2024-11-12 17:19:40.184000+00:00,65.26086930302272,4.870562167655381
2024-11-12 17:19:52.434000+00:00,70.11018295915568,4.861081054139587
2024-11-12 17:20:04.134000+00:00,78.59096830930994,8.576792615711314
2024-11-12 17:20:15.684000+00:00,69.76130275408985,6.990088982103132
2024-11-12 17:20:27.584000+00:00,69.77690442402067,6.169341703255007
2024-11-12 17:20:39.234000+00:00,77.86990140390937,7.39157108870159
2024-11-12 17:20:50.284000+00:00,83.77993972218624,8.78706481722237
2024-11-12 17:21:01.084000+00:00,80.82200226951254,5.810466916466279
2024-11-12 17:21:11.734000+00:00,89.8856905982878,7.132683856148818
2024-11-12 17:21:21.934000+00:00,96.72921845412098,4.716538901283265
2024-11-12 17:21:28.384000+00:00,99.14502398171464,10.487950791913619
2024-11-12 17:21:34.834000+00:00,95.11619259608331,8.856287147055493
2024-11-12 17:21:44.784000+00:00,96.86862411500607,6.9436481237422845
2024-11-12 17:21:54.234000+00:00,105.07361251319044,10.380605613250037
2024-11-12 17:22:02.934000+00:00,118.02427852850944,10.158769379640335
2024-11-12 17:22:11.084000+00:00,133.0531721848349,15.913389676652189
2024-11-12 17:22:19.034000+00:00,135.19965371970773,9.641208059995888
2024-11-12 17:22:26.984000+00:00,134.11421946986567,10.289438336320696
2024-11-12 17:22:34.784000+00:00,140.26361220935692,8.794296657054126
2024-11-12 17:22:42.784000+00:00,133.88977702091262,6.282171926856812
2024-11-12 17:22:50.884000+00:00,136.48985671989482,6.753270909186423
2024-11-12 17:22:58.784000+00:00,140.2611189621767,4.377906666351017
2024-11-12 17:23:06.484000+00:00,144.1874564320973,9.096030522331143
2024-11-12 17:23:13.884000+00:00,156.09200053765116,7.370875014208723
2024-11-12 17:23:21.034000+00:00,157.8541124369877,8.094491306950301
2024-11-12 17:23:28.084000+00:00,165.36151994959988,8.009966662943308
2024-11-12 17:23:35.034000+00:00,168.4973553643339,10.512914614398683
2024-11-12 17:23:41.784000+00:00,172.3846441325313,10.15851634920621
2024-11-12 17:23:48.484000+00:00,175.23964937982205,5.391646509657316
2024-11-12 17:23:55.234000+00:00,183.36527696291532,2.717870500549626
2024-11-12 17:24:01.884000+00:00,182.06330501683595,7.471361178345095
2024-11-12 17:24:08.584000+00:00,172.8924515669215,4.994598942647723
2024-11-12 17:24:15.234000+00:00,183.17650780285607,7.642941864626634
2024-11-12 17:24:21.784000+00:00,179.64217446078567,9.725111126905919
2024-11-12 17:24:28.434000+00:00,178.60425351291863,4.926101983488914
2024-11-12 17:24:34.984000+00:00,184.31830406180202,7.445192276496628
2024-11-12 17:24:41.484000+00:00,184.51246203809998,6.48240033424675
2024-11-12 17:24:46.284000+00:00,172.45695114077904,8.44629576799421
2024-11-12 17:24:51.234000+00:00,181.27646294214196,8.293976170438988
2024-11-12 17:24:58.034000+00:00,178.62456592156568,6.839586656483232
2024-11-12 17:25:02.884000+00:00,159.14448801673944,5.974896167714457
2024-11-12 17:25:08.184000+00:00,147.36912175224177,4.971871328979765
2024-11-12 17:25:15.784000+00:00,151.59205988848237,6.365303750106959
2024-11-12 17:25:23.434000+00:00,146.8986768846632,4.7917226731011064
2024-11-12 17:25:31.284000+00:00,135.5072746276102,5.4215014874905005
2024-11-12 17:25:39.484000+00:00,126.71378998530031,4.2096176459678025
2024-11-12 17:25:47.984000+00:00,124.43307388651391,3.2315888446407115
2024-11-12 17:25:56.834000+00:00,113.12272878787616,4.493486750740649
2024-11-12 17:26:05.934000+00:00,113.1387798602169,6.586703369902195
2024-11-12 17:26:15.184000+00:00,113.03734393822663,2.2359031311994615
2024-11-12 17:26:24.634000+00:00,107.95535438939274,6.938060471886166
2024-11-12 17:26:34.334000+00:00,99.98438594312574,1.9913776474760465
2024-11-12 17:26:44.534000+00:00,91.41302417576222,2.5942288921000687
2024-11-12 17:26:55.234000+00:00,87.6998579392616,2.2529962522171068
2024-11-12 17:27:06.434000+00:00,79.14199431043858,3.110189085420436
2024-11-12 17:27:17.684000+00:00,85.00801710652583,4.280043486846229
2024-11-12 17:27:29.334000+00:00,70.7738280877397,2.1319500992924607
2024-11-12 17:27:42.084000+00:00,63.174987561769335,2.179048998337609
2024-11-12 17:27:55.534000+00:00,58.46261741471263,1.1180250969695302
2024-11-12 17:28:09.484000+00:00,54.09161796036906,2.4137056723886134
2024-11-12 17:28:23.884000+00:00,47.95037361041278,3.1836571677095487
2024-11-12 17:28:38.484000+00:00,52.33608559383773,2.705417443830963
2024-11-12 17:28:47.284000+00:00,37.567562599970984,3.5846619779859346
2024-11-12 17:28:56.734000+00:00,41.973656468406844,1.2781600194902607
2024-11-12 17:29:06.184000+00:00,32.10129547128903,2.539218142636392
2024-11-12 17:29:16.333999+00:00,34.552763569547416,2.114793944220136
2024-11-12 17:29:26.484000+00:00,30.91339031854782,5.423360417285707
2024-11-12 17:29:37.234000+00:00,28.227708971176238,1.6840509643424635
2024-11-12 17:29:56.334000+00:00,21.045977210035225,2.323533217919594
2024-11-12 17:30:16.184000+00:00,19.774656867984188,2.987877029181015
2024-11-12 17:30:36.084000+00:00,22.700166798590754,2.2573355683162153
2024-11-12 17:30:55.984000+00:00,17.189137172701784,1.2035470724107802
2024-11-12 17:31:15.984000+00:00,15.986912536623706,1.4494556069376454
2024-11-12 17:31:35.984000+00:00,14.386525917055573,2.407958900928891
2024-11-12 17:31:55.984000+00:00,11.987558507915521,1.417764240502863
2024-11-12 17:32:15.984000+00:00,13.794194936747958,2.862181204556514
2024-11-12 17:32:35.984000+00:00,15.972492599489915,2.0363649785521973
2024-11-12 17:32:55.984000+00:00,14.389974403383698,2.394669592380915
2024-11-12 17:33:15.984000+00:00,18.380302238467358,1.1183680295946041
2024-11-12 17:33:35.984000+00:00,13.587370872499779,1.0432154715062893
2024-11-12 17:33:55.984000+00:00,12.787192773814926,2.9854074478139974
2024-11-12 17:34:15.984000+00:00,12.78011896609856,1.9905133485787774
2024-11-12 17:34:35.984000+00:00,15.977621030810106,2.0728962302211333
2024-11-12 17:34:55.984000+00:00,11.188403844835202,1.3810048043730132
2024-11-12 17:35:15.984000+00:00,21.17027015686381,2.4318478941921393
2024-11-12 17:35:35.984000+00:00,17.582039451601993,2.013194626570077
2024-11-12 17:35:55.984000+00:00,17.790365982050037,3.0402637362470553
2024-11-12 17:36:15.984000+00:00,14.383651685710173,3.7001437962043506
2024-11-12 17:36:35.984000+00:00,19.180480861666954,1.2277715802194695
2024-11-12 17:36:55.984000+00:00,19.97693195343344,1.1910874426366844
2024-11-12 17:37:15.984000+00:00,15.181126594545939,0.8254330277444281
2024-11-12 17:37:35.984000+00:00,11.369384765626858,0.527793586254206
2024-11-12 17:37:55.984000+00:00,11.369384765621405,1.629179501532993
2024-11-12 17:38:15.984000+00:00,7.981439256665567,1.4205781221385279
2024-11-12 17:38:35.984000+00:00,11.369384765626858,2.3304704070095057
2024-11-12 17:38:55.984000+00:00,8.98888349533228,3.672982943058614
2024-11-12 17:39:15.984000+00:00,18.79107279777834,3.9225033909088824
2024-11-12 17:39:35.684000+00:00,24.18530021745578,4.147946613350141
2024-11-12 17:39:54.934000+00:00,26.615586805089578,3.863818913853591
2024-11-12 17:40:14.234000+00:00,24.231767312076492,2.557552386553089
2024-11-12 17:40:33.984000+00:00,19.1903415679963,1.6526796936991532
2024-11-12 17:40:53.984000+00:00,19.174063301080363,3.0350405931463182
2024-11-12 17:41:13.984000+00:00,15.975675106051195,3.492669880390738
2024-11-12 17:41:33.984000+00:00,15.980495166781177,1.3976938366892238
2024-11-12 17:41:53.584000+00:00,21.626483798019674,3.8327802593496303
2024-11-12 17:42:11.834000+00:00,31.298906182971564,4.792028768903931
2024-11-12 17:42:28.184000+00:00,43.375094525232946,5.184157227541807
2024-11-12 17:42:43.234000+00:00,46.72883533297206,5.4360714412883375
2024-11-12 17:42:52.084000+00:00,36.23718341179457,8.793978919556054
2024-11-12 17:43:01.184000+00:00,45.66015444305286,2.609300958483684
2024-11-12 17:43:16.434000+00:00,47.14134415767401,3.3927939608188256
2024-11-12 17:43:31.084000+00:00,54.97278921946406,4.183142257589507
2024-11-12 17:43:45.784000+00:00,41.316249153837646,4.086341099306265
2024-11-12 17:44:01.334000+00:00,41.10785624023385,3.053130822575919
2024-11-12 17:44:10.684000+00:00,34.548738956556484,3.365873269747003
2024-11-12 17:44:20.434000+00:00,36.21628801750901,3.227289922310078
2024-11-12 17:44:36.234000+00:00,48.95107597702897,1.9555984427589932
2024-11-12 17:44:51.784000+00:00,42.89258503911495,3.5549998022596143
2024-11-12 17:45:07.684000+00:00,41.03360139871735,2.486259288426165
2024-11-12 17:45:24.084000+00:00,37.92170087027646,1.6172975932844986
2024-11-12 17:45:41.584000+00:00,31.718697547907638,1.0019408861794494
2024-11-12 17:45:59.334000+00:00,36.32981894357955,1.2855703966962044
2024-11-12 17:46:16.834000+00:00,33.12050890242345,3.789035524641903
2024-11-12 17:46:34.234000+00:00,38.25968306876125,3.513795454376618
2024-11-12 17:46:52.234000+00:00,29.102287088488353,2.691428164110048
2024-11-12 17:47:11.034000+00:00,25.306720859794808,2.458520541115882
2024-11-12 17:47:30.484000+00:00,23.578086042408028,1.6497099995615794
2024-11-12 17:47:50.484000+00:00,23.5698120117226,1.7372298836710909
2024-11-12 17:48:10.484000+00:00,18.785899686807415,1.1013072729107236
2024-11-12 17:48:30.134000+00:00,22.91506416439264,1.5440412877136314
2024-11-12 17:48:48.934000+00:00,29.50217127149453,2.5928508551402105
2024-11-12 17:49:06.034000+00:00,38.44614304835108,3.591928920654634
2024-11-12 17:49:21.034000+00:00,50.27381572317864,3.982199066919871
2024-11-12 17:49:35.134000+00:00,51.40053174174725,6.774104708898548
2024-11-12 17:49:48.334000+00:00,67.49424197805311,5.899481289009362
2024-11-12 17:50:00.434000+00:00,72.12286043562916,6.612337384399762
2024-11-12 17:50:12.134000+00:00,81.91343290907058,5.802323341367916
2024-11-12 17:50:23.634000+00:00,79.1539863918565,4.456521158635426
2024-11-12 17:50:35.634000+00:00,70.11049560541295,2.887189073560325
2024-11-12 17:50:48.184000+00:00,69.17363908558988,5.913405427859799
2024-11-12 17:51:01.234000+00:00,60.052612587269614,2.942849962800223
2024-11-12 17:51:15.334000+00:00,51.640143621513715,3.049304260028391
2024-11-12 17:51:30.684000+00:00,43.399343967439634,3.2590147890151964
2024-11-12 17:51:47.484000+00:00,34.93257132443887,3.5937666080218587
2024-11-12 17:52:06.034000+00:00,23.411804786097353,1.0055920160734637
2024-11-12 17:52:25.484000+00:00,24.189349105672097,2.536194213886268
2024-11-12 17:52:45.184000+00:00,22.38364324570068,3.513781172037699
2024-11-12 17:53:04.834000+00:00,26.228439251992132,0.37872534341760594
2024-11-12 17:53:24.284000+00:00,25.47969905697357,1.8892058790944917
2024-11-12 17:53:44.084000+00:00,21.18031291962016,1.7730678200724639
2024-11-12 17:54:04.084000+00:00,21.573561859134387,0.5571956753731685
2024-11-12 17:54:24.084000+00:00,21.17539882660258,0.7793571114541373
2024-11-12 17:54:44.084000+00:00,16.175791740420124,0.6013432681561499
2024-11-12 17:55:04.084000+00:00,17.192454528803157,2.5598807811728967
2024-11-12 17:55:24.084000+00:00,13.587636566157814,1.049475145339634
2024-11-12 17:55:44.084000+00:00,11.375337409975003,1.1190664350988309
2024-11-12 17:56:04.084000+00:00,8.178477215768243,1.2873836874963958
2024-11-12 17:56:24.084000+00:00,7.9877619028104485,1.966918802261674
2024-11-12 17:56:44.084000+00:00,4.965560591221667,0.8278525173665446
2024-11-12 17:57:04.084000+00:00,7.374502849576525,0.47152128219589584
2024-11-12 17:57:24.084000+00:00,2.815480613707606,2.9568730354299735
2024-11-12 17:57:44.084000+00:00,1.832159805298151,0.7264601588250393
2024-11-12 17:58:04.084000+00:00,3.616682553291912,0.7368379235268844
2024-11-12 17:58:24.084000+00:00,3.193886947632358,1.4436890125277018
2024-11-12 17:58:44.084000+00:00,2.388650798796852,1.187645655870062
2024-11-12 17:59:04.084000+00:00,2.7933563947682183,3.0893438935284894
2024-11-12 17:59:24.084000+00:00,5.581720757482671,1.4219334483142172
2024-11-12 17:59:44.084000+00:00,2.784283185005643,1.8556231737139874
2024-11-12 18:00:04.084000+00:00,3.1753952980046694,1.0433674275876796
2024-11-12 18:00:24.084000+00:00,5.775666284562101,2.164829158783313
2024-11-12 18:00:44.084000+00:00,4.390430951117081,1.5506645679468973
2024-11-12 18:01:04.084000+00:00,4.175806450844494,2.458391976356908
2024-11-12 18:01:24.084000+00:00,5.579756546018743,1.3438711524005456
2024-11-12 18:01:44.084000+00:00,4.188788664341658,1.8507953643801853
2024-11-12 18:02:04.084000+00:00,3.981642651558573,1.8835943043235042
2024-11-12 18:02:24.084000+00:00,4.784245800972767,0.15108908414843164
2024-11-12 18:02:44.084000+00:00,2.184917044638897,1.8760039091104297
2024-11-12 18:03:04.084000+00:00,0.8072749376298316,0.7764098405839283
2024-11-12 18:03:24.084000+00:00,3.3822765111912525,1.046433734893468
2024-11-12 18:03:44.084000+00:00,2.0309953927997095,0.9358277320863346
2024-11-12 18:04:04.084000+00:00,4.1967346668250265,1.6756601572039482
2024-11-12 18:04:24.084000+00:00,0.6084393501282732,1.5723261475565617
2024-11-12 18:04:44.084000+00:00,3.5786183357227452,0.5993364393709195
2024-11-12 18:05:04.084000+00:00,2.2260239601138894,0.9203204512597635
2024-11-12 18:05:24.084000+00:00,2.618180811404354,0.9352555632588291
2024-11-12 18:05:44.084000+00:00,3.3616897583013308,1.6161927223208208
2024-11-12 18:06:04.084000+00:00,4.179751467705456,1.1370359897615383
2024-11-12 18:06:24.084000+00:00,2.6216502666477672,1.680666136741913
2024-11-12 18:06:44.084000+00:00,1.4225560426707538,1.9816087126725608
2024-11-12 18:07:04.084000+00:00,1.6047498941424132,0.49551827907570356
2024-11-12 18:07:24.084000+00:00,1.2234402656551306,2.602434217929017
2024-11-12 18:07:44.084000+00:00,2.9975466489796774,2.487214374542643
2024-11-12 18:08:04.084000+00:00,0.19825111627581976,2.2742009460929773
2024-11-12 18:08:24.084000+00:00,0.7839009046552087,1.4279718279834046
2024-11-12 18:08:44.084000+00:00,2.773837161064601,1.2866312205793575
2024-11-12 18:09:04.084000+00:00,2.828470349312291,1.0391682744027881
2024-11-12 18:09:24.084000+00:00,4.370775461195517,0.3132177054881059
2024-11-12 18:09:44.084000+00:00,0.19883558750155841,2.1954299926761403
2024-11-12 18:10:04.084000+00:00,3.2248333454137343,1.5775008648636533
2024-11-12 18:10:24.084000+00:00,0.9827364921566717,2.1726361989968104
2024-11-12 18:10:44.084000+00:00,1.2283922433855157,1.4051256775858314
2024-11-12 18:11:04.084000+00:00,1.982755470275252,0.7765002131459642
2024-11-12 18:11:24.084000+00:00,0.9827364921571429,0.5304654240609082
2024-11-12 18:11:44.084000+00:00,4.992800736428123,2.073731940985065
2024-11-12 18:12:04.084000+00:00,6.571899604798437,1.760323607921888
2024-11-12 18:12:24.084000+00:00,7.388893890378523,1.469783163070214
2024-11-12 18:12:44.084000+00:00,7.187104272843582,0.9932326793672277
2024-11-12 18:13:04.084000+00:00,6.98600425719994,1.2902379512782787
2024-11-12 18:13:24.084000+00:00,8.787490797044283,3.2721871674066167
2024-11-12 18:13:44.084000+00:00,9.584700202943461,1.0673739194871739
2024-11-12 18:14:04.084000+00:00,13.582551193239524,2.8428241372113106
2024-11-12 18:14:24.084000+00:00,13.583922767634865,1.992602390050258
2024-11-12 18:14:44.084000+00:00,18.379514503482007,2.551810735464513
2024-11-12 18:15:03.234000+00:00,30.380404946575727,1.6191606703999526
2024-11-12 18:15:20.984001+00:00,34.57687843678929,2.4898586760089643
2024-11-12 18:15:37.234000+00:00,42.951740938105644,4.748466201860473
2024-11-12 18:15:52.434000+00:00,47.349708001357314,3.3228329080628063
2024-11-12 18:16:07.134000+00:00,53.901200727977226,3.1479737308472178
2024-11-12 18:16:21.334000+00:00,53.09906384623953,2.2633866574748667
2024-11-12 18:16:35.134000+00:00,61.229142365644414,3.2814624574455857
2024-11-12 18:16:48.584000+00:00,60.88474843042198,4.036745064295988
2024-11-12 18:17:01.834000+00:00,62.787741158744154,2.905075436329532
2024-11-12 18:17:15.034000+00:00,64.70197347767841,5.007861037001649
2024-11-12 18:17:28.184000+00:00,67.35247098483175,2.715243687996741
2024-11-12 18:17:41.534000+00:00,60.19770712748211,2.088832856312338
2024-11-12 18:17:54.834000+00:00,70.73567412617601,3.0152940819418
2024-11-12 18:18:07.284000+00:00,74.42849540709285,3.938307819266498
2024-11-12 18:18:19.784000+00:00,64.27061051589368,3.871793623154327
2024-11-12 18:18:32.984000+00:00,62.66831042164466,3.216924836387952
2024-11-12 18:18:46.584000+00:00,59.40857320590714,1.8692217875213926
2024-11-12 18:19:00.684000+00:00,52.64549573262356,2.878999200959904
2024-11-12 18:19:15.284000+00:00,49.868412017822266,2.6058364518590875
2024-11-12 18:19:30.284000+00:00,51.457812158701586,2.699609140033087
2024-11-12 18:19:45.584000+00:00,45.989389295680844,3.4756542413249796
2024-11-12 18:19:54.784000+00:00,47.86835543298562,0.2263757586471595
2024-11-12 18:20:04.134000+00:00,45.17017364503802,3.7853155014636712
2024-11-12 18:20:19.884000+00:00,44.58645977552282,4.513689664346621
2024-11-12 18:20:35.234000+00:00,47.06859947048276,3.562508205437375
2024-11-12 18:20:49.634000+00:00,57.47424887237818,2.657840560665708
2024-11-12 18:21:03.134000+00:00,64.00463890482278,3.392934299265492
2024-11-12 18:21:16.134000+00:00,65.15404989555348,4.8643889722915175
2024-11-12 18:21:28.484000+00:00,77.22754139011496,3.950114083492307
2024-11-12 18:21:39.884000+00:00,83.54497805504965,5.282904668285435
2024-11-12 18:21:50.734000+00:00,91.77864502524243,7.184737514113141
2024-11-12 18:22:01.334000+00:00,91.4242270333701,6.742842594784538
2024-11-12 18:22:11.634000+00:00,97.00349335621581,7.0432499407013065
2024-11-12 18:22:21.134000+00:00,118.5813526625307,7.268179494345061
2024-11-12 18:22:29.684000+00:00,132.95811722922795,6.932473037303409
2024-11-12 18:22:37.634000+00:00,138.5726918802863,11.8415686217241
2024-11-12 18:22:42.984000+00:00,140.50314458209067,10.573471749820646
2024-11-12 18:22:48.284000+00:00,149.46774030981973,11.500687881516372
2024-11-12 18:22:55.634000+00:00,168.0035292935719,7.338706741876208
2024-11-12 18:23:02.734000+00:00,170.23386350833496,7.414508054799703
2024-11-12 18:23:10.084000+00:00,155.78929599977593,5.603001156925225
2024-11-12 18:23:17.684000+00:00,157.90687661417056,5.8238051439568475
2024-11-12 18:23:25.184000+00:00,157.0463025892103,9.619890580306182
2024-11-12 18:23:32.784000+00:00,144.36839861743655,8.513414661087285
2024-11-12 18:23:40.634000+00:00,154.0491929837355,6.563612252844369
2024-11-12 18:23:48.484000+00:00,146.424313080577,8.38099500307444
2024-11-12 18:23:56.284000+00:00,146.44688435085942,5.370436440674239
2024-11-12 18:24:04.234000+00:00,141.1285890179223,5.498606511105452
2024-11-12 18:24:12.334000+00:00,141.13098898038055,4.369550805396695
2024-11-12 18:24:20.284000+00:00,148.49418151068963,5.245107448634542
2024-11-12 18:24:27.984000+00:00,155.79683705375282,5.7350689506042505
2024-11-12 18:24:35.384000+00:00,167.19515058728823,3.433492809482218
2024-11-12 18:24:42.634000+00:00,164.24406809341428,6.164817308927442
2024-11-12 18:24:49.834000+00:00,168.00076766766412,3.0609333452229284
2024-11-12 18:24:56.834000+00:00,174.31779723256918,9.181493062914656
2024-11-12 18:25:03.934000+00:00,166.3987784191081,6.104155819714977
2024-11-12 18:25:10.934000+00:00,188.15549366531727,7.150632596735982
2024-11-12 18:25:17.784000+00:00,173.39056178506883,8.002366485342659
2024-11-12 18:25:24.734000+00:00,176.60713527509694,9.036201346609639
2024-11-12 18:25:31.684000+00:00,171.12220110217194,7.910879407612589
2024-11-12 18:25:38.534000+00:00,181.015391563254,8.332986840559064
2024-11-12 18:25:45.234000+00:00,178.63633226987778,9.965117520358184
2024-11-12 18:25:52.134000+00:00,172.51328696681227,5.921217639686095
2024-11-12 18:25:59.134000+00:00,176.64252792575647,6.850370937497936
2024-11-12 18:26:05.984000+00:00,182.31220469741493,7.68751575665734
2024-11-12 18:26:12.734000+00:00,180.98184841777535,9.34771986149784
2024-11-12 18:26:19.534000+00:00,176.6576507125686,8.01687588726088
2024-11-12 18:26:26.384000+00:00,177.6181905411031,7.147848518460406
2024-11-12 18:26:33.134000+00:00,183.3868089362274,8.25744924260392
2024-11-12 18:26:39.784000+00:00,186.92610653975868,10.089967720442761
2024-11-12 18:26:46.134000+00:00,206.2997836754879,9.539422969353298
2024-11-12 18:26:52.134000+00:00,214.99791420095593,13.124502119361297
2024-11-12 18:26:58.034000+00:00,212.26150254089868,11.121581287716793
2024-11-12 18:27:03.934000+00:00,204.18291770823154,10.904965481524956
2024-11-12 18:27:09.534000+00:00,238.9037409368499,13.463343044496643
2024-11-12 18:27:14.934000+00:00,225.54479009484152,13.477609788847111
2024-11-12 18:27:19.184000+00:00,249.72330474849613,14.28479681163803
2024-11-12 18:27:23.234000+00:00,247.0996452780159,22.37081716457847
2024-11-12 18:27:28.334000+00:00,247.09584105246824,11.350894231421487
2024-11-12 18:27:33.484000+00:00,244.45367813080622,13.67116939131514
2024-11-12 18:27:38.634000+00:00,259.6296766692336,16.877343958498212
2024-11-12 18:27:43.534000+00:00,275.77798396993296,19.336899116325466
2024-11-12 18:27:48.284000+00:00,265.64920584351717,21.213831289974582
2024-11-12 18:27:52.984000+00:00,279.39145958930527,15.807069591847489
2024-11-12 18:27:57.534000+00:00,308.0059136280958,16.41088448628433
2024-11-12 18:28:02.034000+00:00,279.56476677814055,19.437877944791776
2024-11-12 18:28:06.534000+00:00,297.3441077341029,15.254097251442372
2024-11-12 18:28:10.884000+00:00,303.0832163493003,21.222549989111098
2024-11-12 18:28:15.184000+00:00,301.559819307569,14.989440739123731
2024-11-12 18:28:19.484000+00:00,314.48517572313824,22.405792588280576
2024-11-12 18:28:23.684000+00:00,318.33965483167646,19.013931724643037
2024-11-12 18:28:27.934000+00:00,320.8954371960082,16.265604350444036
2024-11-12 18:28:32.184000+00:00,310.6782059442598,18.630742828052256
2024-11-12 18:28:36.434000+00:00,298.6031998039991,18.69815662852581
2024-11-12 18:28:40.784000+00:00,301.66193008491825,18.04391332652143
2024-11-12 18:28:45.034000+00:00,331.1829804216133,13.48894077832237
2024-11-12 18:28:49.084000+00:00,328.7103614809243,21.58359146119552
2024-11-12 18:28:53.134000+00:00,342.90100469793435,15.827461328435207
2024-11-12 18:28:57.184000+00:00,340.69494438111593,21.746926322541217
2024-11-12 18:29:01.134000+00:00,331.29927415105243,23.148324917518043
2024-11-12 18:29:05.034000+00:00,342.49639657818284,26.670209677548428
2024-11-12 18:29:08.984000+00:00,340.70734405539486,19.23417231441781
2024-11-12 18:29:12.884000+00:00,369.68499836204046,20.142151297726517
2024-11-12 18:29:16.684000+00:00,369.6414786894459,19.186652679210688
2024-11-12 18:29:20.384000+00:00,375.2105840042076,22.59086532722143
2024-11-12 18:29:24.084000+00:00,361.2470064668587,14.5876847991957
2024-11-12 18:29:27.784000+00:00,384.07976362490194,22.5425033437174
2024-11-12 18:29:31.434000+00:00,376.66418333311333,17.805777514303053
2024-11-12 18:29:35.084000+00:00,375.20785649566267,20.86896075139904
2024-11-12 18:29:38.634000+00:00,396.45911298382606,20.651638173580864
2024-11-12 18:29:42.184000+00:00,403.04150581412205,19.62617513208819
2024-11-12 18:29:45.684000+00:00,419.0382138417384,23.84001156861241
2024-11-12 18:29:49.184000+00:00,375.1788584396148,17.698458565628997
2024-11-12 18:29:52.784000+00:00,399.58080503727564,17.814157704535415
2024-11-12 18:29:56.384000+00:00,397.4279721583124,18.66122696137203
2024-11-12 18:30:00.034000+00:00,381.0329499115815,20.64110862242209
2024-11-12 18:30:03.734000+00:00,372.3279324093381,16.20358766736211
2024-11-12 18:30:07.384000+00:00,379.6520487472378,17.035772303762307
2024-11-12 18:30:10.984000+00:00,384.11041259815505,18.55940856869777
2024-11-12 18:30:14.684000+00:00,352.86068966547833,16.526275128141904
2024-11-12 18:30:18.084000+00:00,374.94294992956935,22.73145032418098
2024-11-12 18:30:21.484000+00:00,373.8926977863866,14.403327844658582
2024-11-12 18:30:25.284000+00:00,369.7006145270715,11.913789228370424
2024-11-12 18:30:29.084000+00:00,365.49290707271695,21.42457615782246
2024-11-12 18:30:32.884000+00:00,382.3002042262447,15.215916273797442
2024-11-12 18:30:36.684000+00:00,361.27866644642796,15.183610916152174
2024-11-12 18:30:40.734000+00:00,320.93727289292235,11.457818829753196
2024-11-12 18:30:44.884000+00:00,348.7309207918502,20.776277259005557
2024-11-12 18:30:48.884000+00:00,336.6889629366179,17.3877310734354
2024-11-12 18:30:52.834000+00:00,363.0213341345174,16.321933376479027
2024-11-12 18:30:56.734000+00:00,358.92920469616723,11.820839467717919
2024-11-12 18:31:00.734000+00:00,335.12314959242434,17.254403480655057
2024-11-12 18:31:04.834000+00:00,335.12552400965274,18.238688562002064
2024-11-12 18:31:08.984000+00:00,333.60815684002455,12.241501183737553
2024-11-12 18:31:13.184000+00:00,329.75834437780793,13.859080347632409
2024-11-12 18:31:17.384000+00:00,333.5569817679449,11.400659027554356
2024-11-12 18:31:21.584000+00:00,318.33732241677694,11.075710712799603
2024-11-12 18:31:25.834000+00:00,317.2247101537462,15.491803427063866
2024-11-12 18:31:30.084000+00:00,322.15153830393757,15.171756381169782
2024-11-12 18:31:34.334000+00:00,320.896537248243,15.493551894664488
2024-11-12 18:31:38.634000+00:00,324.63493524571936,11.075447770044052
2024-11-12 18:31:42.884000+00:00,329.753694080189,10.015145185448416
2024-11-12 18:31:47.184000+00:00,312.4992769415061,9.591216444970199
2024-11-12 18:31:51.534000+00:00,320.94805340482276,12.249230700888232
2024-11-12 18:31:55.884000+00:00,294.3476243452906,13.964614692060922
2024-11-12 18:32:00.284000+00:00,308.8777091286728,9.369761090387994
2024-11-12 18:32:04.784000+00:00,303.69390073017513,9.473683484218714
2024-11-12 18:32:09.334000+00:00,297.3283979630525,12.190982262304585
2024-11-12 18:32:13.084000+00:00,292.3202438354035,11.865866266189151
2024-11-12 18:32:16.934000+00:00,268.99198004549976,13.39070639712243
2024-11-12 18:32:20.784000+00:00,289.68954976395213,10.02733609080158
2024-11-12 18:32:24.684000+00:00,272.32942422221765,11.542773596007173
2024-11-12 18:32:29.534000+00:00,265.7575412673472,10.38571026860873
2024-11-12 18:32:34.584000+00:00,266.03263854948113,5.771195450074257
2024-11-12 18:32:39.634000+00:00,259.23844629415015,13.740708244095753
2024-11-12 18:32:44.634000+00:00,269.0979183421228,9.572848081588079
2024-11-12 18:32:49.584000+00:00,285.6948153176924,8.883872230844652
2024-11-12 18:32:54.584000+00:00,259.8569209760685,12.899770725240009
2024-11-12 18:32:59.734000+00:00,259.7142687030686,8.52774964681968
2024-11-12 18:33:04.934000+00:00,244.99047477289793,8.940506914876352
2024-11-12 18:33:10.184000+00:00,259.85503563530455,8.454594933074983
2024-11-12 18:33:15.484000+00:00,233.59355785243767,12.464792308992081
2024-11-12 18:33:20.784000+00:00,259.85315029454057,8.96639787091076
2024-11-12 18:33:26.034000+00:00,251.01480591971387,11.924462082250809
2024-11-12 18:33:31.434000+00:00,237.1745896771845,7.196901278059083
2024-11-12 18:33:35.684000+00:00,233.76906585689704,11.632325232027142
2024-11-12 18:33:40.034000+00:00,218.71974075068064,10.478186215233823
2024-11-12 18:33:45.734000+00:00,227.12801615377992,6.919758194365442
2024-11-12 18:33:51.484000+00:00,216.80309690283414,8.784463179524678
2024-11-12 18:33:57.234000+00:00,232.7174792371428,6.576535858600495
2024-11-12 18:34:03.034000+00:00,217.72758613181654,8.182089288349612
2024-11-12 18:34:09.084000+00:00,209.940841428584,5.545931669970622
2024-11-12 18:34:15.384000+00:00,204.3484032156175,5.5878983810601195
2024-11-12 18:34:21.734000+00:00,200.7500191338247,7.603764496144319
2024-11-12 18:34:28.184000+00:00,191.75629124509146,6.260756741874524
2024-11-12 18:34:34.784000+00:00,186.92994088849508,5.904395065528124
2024-11-12 18:34:41.634000+00:00,165.78039034982174,9.269720185805367
2024-11-12 18:34:48.634000+00:00,172.02460247533574,3.6000857189073785
2024-11-12 18:34:55.634000+00:00,172.53381433635178,5.349478231563651
2024-11-12 18:35:02.784000+00:00,171.67295879787292,2.5372907180441726
2024-11-12 18:35:10.134000+00:00,164.94151509610833,5.209245141349767
2024-11-12 18:35:17.684000+00:00,166.33646412894487,4.330088762859214
2024-11-12 18:35:25.284000+00:00,160.01223212789318,7.281319271574785
2024-11-12 18:35:32.884000+00:00,155.83001588515447,6.341209521417166
2024-11-12 18:35:40.584000+00:00,158.75358190287687,2.790888395064164
2024-11-12 18:35:48.234000+00:00,154.28977559395273,6.424832757308933
2024-11-12 18:35:53.484000+00:00,155.12365976966976,9.147493839262486
2024-11-12 18:35:58.934000+00:00,154.08712652668115,2.3752104632466695
2024-11-12 18:36:06.784000+00:00,152.60497655619884,5.963321633826384
2024-11-12 18:36:14.434000+00:00,162.8014567055996,6.635483868911549
2024-11-12 18:36:22.284000+00:00,146.61299542687934,2.9599903487587778
2024-11-12 18:36:30.234000+00:00,163.52696802691355,3.6512879891789636
2024-11-12 18:36:38.034000+00:00,152.0412222947039,3.023122022801389
2024-11-12 18:36:46.034000+00:00,149.0377204801154,3.4307772141923247
2024-11-12 18:36:54.334000+00:00,135.92452060470387,5.454346222034147
2024-11-12 18:37:00.084000+00:00,155.82295862831222,6.911195461947632
2024-11-12 18:37:05.834000+00:00,135.93929784433507,4.711110612923739
2024-11-12 18:37:14.434000+00:00,127.97860331925358,5.675065654450527
2024-11-12 18:37:23.134000+00:00,133.51309853030477,1.3561274059879374
2024-11-12 18:37:31.834000+00:00,136.25704184337556,2.550341082713895
2024-11-12 18:37:40.484000+00:00,130.0637826254698,3.25606465339785
2024-11-12 18:37:49.184000+00:00,127.77656988665467,1.2335684895516754
2024-11-12 18:37:58.134000+00:00,123.70524647478199,3.011333261218979
2024-11-12 18:38:07.184000+00:00,129.1720928615792,2.9270515044525656
2024-11-12 18:38:16.234000+00:00,120.17624236731533,4.090902045535057
2024-11-12 18:38:25.484000+00:00,116.45897560923711,4.3078887407104975
2024-11-12 18:38:35.234000+00:00,106.53331718810554,2.577228409853074
2024-11-12 18:38:44.984000+00:00,118.99933997625351,4.21061165789497
2024-11-12 18:38:54.534000+00:00,109.66393539594341,2.7086666933060584
2024-11-12 18:39:04.334000+00:00,108.07834201383893,3.1824917504266996
2024-11-12 18:39:14.334000+00:00,103.3730731624009,3.753226664986291
2024-11-12 18:39:24.584000+00:00,101.25210615301825,2.566657491887237
2024-11-12 18:39:34.734000+00:00,108.07637917870044,4.266260464984192
2024-11-12 18:39:44.884000+00:00,95.86804463319203,2.776801047418579
2024-11-12 18:39:51.584000+00:00,85.19485982285023,4.548390924944405
2024-11-12 18:39:58.284000+00:00,102.0296779045392,5.186633295736256
2024-11-12 18:40:08.984000+00:00,90.10266252001344,4.877588662236293
2024-11-12 18:40:15.984000+00:00,83.21126492816896,6.655011638997945
2024-11-12 18:40:22.884000+00:00,91.22490035160858,3.935334903221606
2024-11-12 18:40:33.984000+00:00,86.61221085933205,3.8658668963532654
2024-11-12 18:40:45.234000+00:00,87.40387856424336,2.8149745458958444
2024-11-12 18:40:52.284000+00:00,91.88515885669544,5.6014579062651775
2024-11-12 18:40:59.584000+00:00,82.86367021753139,2.460962708291348
2024-11-12 18:41:11.384000+00:00,79.78478336332981,4.2105930646253995
2024-11-12 18:41:23.334000+00:00,78.20294772878403,3.383751716934761
2024-11-12 18:41:35.384000+00:00,73.73381098760336,5.07263642842477
2024-11-12 18:41:42.984000+00:00,81.21228917438509,8.061422497032813
2024-11-12 18:41:50.584000+00:00,76.35159852078158,1.861025046130515
2024-11-12 18:42:03.034000+00:00,75.15755901184887,3.8798081030048923
2024-11-12 18:42:15.734000+00:00,72.03444953977,2.580723851683962
2024-11-12 18:42:28.584000+00:00,66.12558628963183,3.3779563605788403
2024-11-12 18:42:41.584000+00:00,67.36824974647539,2.505502242308621
2024-11-12 18:42:54.484000+00:00,71.70236349107802,1.4806578774009234
2024-11-12 18:43:07.384000+00:00,67.36519094614486,1.0015864991225627
2024-11-12 18:43:20.734000+00:00,63.715402644917766,1.1444060906876896
2024-11-12 18:43:34.334000+00:00,64.214086461963,1.500100618159628
2024-11-12 18:43:47.884000+00:00,64.54929015215374,2.3542230970718077
2024-11-12 18:44:01.434000+00:00,61.84825190788213,3.7778410734934376
2024-11-12 18:44:14.684000+00:00,66.13162935697709,5.115973481765619
2024-11-12 18:44:27.934000+00:00,63.02326456706983,1.2666901305872293
2024-11-12 18:44:41.584000+00:00,58.25139114820884,3.56322402539382
2024-11-12 18:44:49.984000+00:00,58.54423427580872,4.344129323958671
2024-11-12 18:44:57.784000+00:00,72.3324793861362,1.54123641195823
2024-11-12 18:45:10.684000+00:00,64.38328280592835,2.652149841640698
2024-11-12 18:45:24.234000+00:00,56.31967805275459,2.505551152093458
2024-11-12 18:45:37.984000+00:00,63.37653300341115,3.2715276321942395
2024-11-12 18:45:51.584000+00:00,59.85039654903961,1.5948204718102343
2024-11-12 18:45:59.884000+00:00,57.89704291024893,2.405472477276744
2024-11-12 18:46:08.584000+00:00,55.968909528518495,1.6409350497026687
2024-11-12 18:46:22.884000+00:00,57.457917710432696,1.37214140153285
2024-11-12 18:46:37.334000+00:00,53.82270579436626,2.181207817428468
2024-11-12 18:46:52.034000+00:00,53.81332215806413,1.8910226529950311
2024-11-12 18:47:06.834000+00:00,51.36279496570919,2.4181731995321845
2024-11-12 18:47:22.084000+00:00,48.877293024324516,0.9214332967235617
2024-11-12 18:47:37.334000+00:00,50.2785919496712,5.205482164485705
2024-11-12 18:47:52.734000+00:00,43.000793816919376,2.610529203835443
2024-11-12 18:48:08.484000+00:00,45.79517388953906,3.6179522912079887
2024-11-12 18:48:24.384001+00:00,42.261524435898764,1.9993393638244252
2024-11-12 18:48:40.734000+00:00,40.58671893496047,1.5189735497716936
2024-11-12 18:48:56.884000+00:00,45.59221738502317,1.701241731644004
2024-11-12 18:49:13.484000+00:00,36.84321107535325,0.6254216446273285
2024-11-12 18:49:30.684000+00:00,37.93142789951588,0.551780441227891
2024-11-12 18:49:48.384000+00:00,30.394916119786277,2.019010501225587
2024-11-12 18:50:06.334000+00:00,36.323032488132746,1.6992646557939952
2024-11-12 18:50:23.734000+00:00,36.396636521890265,0.7920105057645819
2024-11-12 18:50:41.434000+00:00,31.723426060129288,1.7457301560689713
2024-11-12 18:50:59.784000+00:00,30.380225643042937,0.8363361143939886
2024-11-12 18:51:18.284000+00:00,31.249521815262067,1.9580088304762886
2024-11-12 18:51:37.184000+00:00,25.43048799653087,0.40523801114152047
2024-11-12 18:51:56.884000+00:00,19.985870647433686,0.9388840258123025
2024-11-12 18:52:16.884000+00:00,19.583633041375645,2.236045205592402
2024-11-12 18:52:36.884000+00:00,16.391353702547846,0.44962220191962915
2024-11-12 18:52:56.884000+00:00,19.578460693353186,0.8319433569905511
2024-11-12 18:53:16.884000+00:00,20.771480941775856,1.2731070518495733
2024-11-12 18:53:36.784000+00:00,24.312067513514585,2.1379623539520507
2024-11-12 18:53:56.684000+00:00,18.379728698733473,0.8917674183846978
2024-11-12 18:54:16.684000+00:00,15.985232830042554,1.7236016511911665
2024-11-12 18:54:36.684000+00:00,15.978815078737963,0.922878050804289
2024-11-12 18:54:56.684000+00:00,15.179660415644614,1.0474680304523971
2024-11-12 18:55:16.684000+00:00,16.776289939883114,0.275493198633239
2024-11-12 18:55:36.684000+00:00,17.577964782717718,2.127498924732556
2024-11-12 18:55:56.684000+00:00,11.191852140428464,2.523051714897568
2024-11-12 18:56:16.684000+00:00,11.98738145827868,0.475467091798632
2024-11-12 18:56:36.684000+00:00,14.377323150637116,1.967528653145158
2024-11-12 18:56:56.684000+00:00,9.58951971530611,2.162187391518863
2024-11-12 18:57:16.684000+00:00,10.392122864724904,2.009627562761635
2024-11-12 18:57:36.684000+00:00,6.594558739663248,0.6256251931191513
2024-11-12 18:57:56.684000+00:00,11.174521923067012,0.30372216701512533
2024-11-12 18:58:16.684000+00:00,8.993431949612635,0.936755448579492
2024-11-12 18:58:36.684000+00:00,22.383194351199947,1.118535804748718
2024-11-12 18:58:56.684000+00:00,16.775810718531073,2.2584296107285033
2024-11-12 18:59:16.684000+00:00,14.387270832064116,1.354273366928322
2024-11-12 18:59:36.684000+00:00,13.575742816927267,2.8359791517262325
2024-11-12 18:59:56.684000+00:00,9.584965705868552,0.7766541123387742
2024-11-12 19:00:16.684000+00:00,9.191315293313576,2.4278952717785036
2024-11-12 19:00:36.684000+00:00,8.78523685932303,0.7565103590489671
2024-11-12 19:00:56.684000+00:00,17.58517951964776,2.6475015878668997
2024-11-12 19:01:16.684000+00:00,19.171146202090537,1.3363506555559435
2024-11-12 19:01:36.684000+00:00,9.78980655670326,2.091091990471228
2024-11-12 19:01:56.684000+00:00,13.574762248988627,0.7315780401227545
2024-11-12 19:02:16.684000+00:00,12.783353805544081,1.1960106819870042
2024-11-12 19:02:36.684000+00:00,9.794934749604872,0.9359565794469455
2024-11-12 19:02:56.684000+00:00,8.180089473721779,0.8519164443013358
2024-11-12 19:03:16.684000+00:00,11.977824115755132,0.9023172974587962
2024-11-12 19:03:36.684000+00:00,9.584700202943461,1.452134442329644
2024-11-12 19:03:56.684000+00:00,6.592519283292593,3.0252832233896227
2024-11-12 19:04:16.684000+00:00,6.588330078126076,1.5333306610586765
2024-11-12 19:04:36.684000+00:00,13.575434780116558,1.4418837785716265
2024-11-12 19:04:56.684000+00:00,13.576222419740988,2.6129265308384397
2024-11-12 19:05:16.034000+00:00,25.24161007315287,5.22903550117454
2024-11-12 19:05:35.384000+00:00,17.571605587008488,0.7793241262437187
2024-11-12 19:05:55.384000+00:00,12.779639530183973,2.1815791308883417
2024-11-12 19:06:15.384000+00:00,12.783839368816148,0.6474992513654569
2024-11-12 19:06:35.384000+00:00,10.58865282535726,1.832505846023859
2024-11-12 19:06:55.384000+00:00,11.97880468368726,1.4695657074453847
2024-11-12 19:07:15.384000+00:00,9.777027702328452,1.116707509755735
2024-11-12 19:07:35.384000+00:00,8.192868256570248,1.3336377382280622
2024-11-12 19:07:55.384000+00:00,8.783734035489166,1.0129568010565415
2024-11-12 19:08:15.384000+00:00,10.382175159456043,2.0795657277110635
2024-11-12 19:08:35.384000+00:00,10.38040676117113,1.7842681050303515
2024-11-12 19:08:55.384000+00:00,11.183009910585323,1.5184712529184916
2024-11-12 19:09:15.384000+00:00,14.382185459132415,1.3482104659076242
2024-11-12 19:09:35.384000+00:00,12.99332256317351,1.7224855780604316
2024-11-12 19:09:55.384000+00:00,19.17698936461796,3.0480406403531926
2024-11-12 19:10:15.384000+00:00,21.97680735588433,1.6919089734557056
2024-11-12 19:10:35.384000+00:00,22.379303169254147,1.7348815917971585
2024-11-12 19:10:55.384000+00:00,15.185946273806193,2.4581007838253224
2024-11-12 19:11:15.384000+00:00,15.185680961604085,2.1677664339535534
2024-11-12 19:11:35.384000+00:00,15.980590009691943,2.6541656851772832
2024-11-12 19:11:55.384000+00:00,12.786713552470932,1.1142288804050737
2024-11-12 19:12:15.384000+00:00,15.179968547823526,2.3616846919063614
2024-11-12 19:12:35.384000+00:00,11.376281547548245,0.28904265165333703
2024-11-12 19:12:55.384000+00:00,9.584700202943461,1.7971905469897347
2024-11-12 19:13:15.384000+00:00,10.3841205596891,1.8911299407476168
2024-11-12 19:13:35.384000+00:00,11.186458015443723,1.7578884124758731
2024-11-12 19:13:55.384000+00:00,11.982430076595332,2.5418064534656115
2024-11-12 19:14:15.384000+00:00,10.380672264100818,1.9576728612187724
2024-11-12 19:14:35.384000+00:00,8.969843316079652,1.9103647947314524
2024-11-12 19:14:55.384000+00:00,7.1886070489895175,1.3127353072168588
2024-11-12 19:15:15.384000+00:00,6.573511600492306,1.2201693296428637
2024-11-12 19:15:35.384000+00:00,6.3894521951685865,1.8330313920977728
2024-11-12 19:15:55.384000+00:00,2.581999301909584,0.33351291418065016
2024-11-12 19:16:15.384000+00:00,6.376055908204167,2.0716027140620756
2024-11-12 19:16:35.384000+00:00,5.78850719928836,1.2441165924074298
2024-11-12 19:16:55.384000+00:00,10.37606630325487,2.6445440709595234
2024-11-12 19:17:15.384000+00:00,6.589739036557975,0.6269914746282502
2024-11-12 19:17:35.384000+00:00,7.189749717713577,2.711320757866349
2024-11-12 19:17:55.384000+00:00,4.184879660605062,1.8906931936734896
2024-11-12 19:18:15.384000+00:00,2.375871825218589,1.7682085990908651
2024-11-12 19:18:35.384000+00:00,0.9838119268418964,0.6413309484721277
2024-11-12 19:18:55.384000+00:00,5.770908451078498,1.0023687064644504
2024-11-12 19:19:15.384000+00:00,5.578580951691586,0.4173545658589091
2024-11-12 19:19:35.384000+00:00,2.352719855308917,2.1573669672015856
2024-11-12 19:19:55.384000+00:00,3.0194943428030006,2.870866930483864
2024-11-12 19:20:15.384000+00:00,2.185992479324698,1.2531801879408024
2024-11-12 19:20:35.384000+00:00,3.981642651558573,1.6168415665629168
2024-11-12 19:20:55.384000+00:00,3.371591246127016,1.3355413794513293
2024-11-12 19:21:15.384000+00:00,1.754306864738751,2.53007468581241
2024-11-12 19:21:35.384000+00:00,3.7853022575384605,0.61445603966723
2024-11-12 19:21:55.384000+00:00,4.388885736464067,0.8164784491059582
2024-11-12 19:22:15.384000+00:00,1.1839692592622784,0.9054052889348556
2024-11-12 19:22:35.384000+00:00,0.0,2.1369269728664078
2024-11-12 19:22:55.384000+00:00,2.772225105761605,1.2478831350799429
2024-11-12 19:23:15.384000+00:00,2.773837161064601,2.359078502655415
2024-11-12 19:23:35.384000+00:00,3.9907172918307086,1.6883747696871187
2024-11-12 19:23:55.384000+00:00,1.9860814571383865,2.438889384270113
2024-11-12 19:24:15.384000+00:00,1.982755470276203,2.87756142616319
2024-11-12 19:24:35.384000+00:00,3.3927225351339163,1.3900551438333875
2024-11-12 19:24:55.384000+00:00,8.186317491528783,3.9998185932623613
2024-11-12 19:25:15.384000+00:00,12.163719749452671,1.4697374224665183
2024-11-12 19:25:35.384000+00:00,12.986734485622115,2.537681877612265
2024-11-12 19:25:55.384000+00:00,15.181126594545939,3.590621319413772
2024-11-12 19:26:15.384000+00:00,21.16713047027934,1.8639703989031977
2024-11-12 19:26:35.384000+00:00,15.181434965136148,2.376154088974387
2024-11-12 19:26:55.384000+00:00,14.379002761836274,1.3442163497205297
2024-11-12 19:27:15.384000+00:00,10.389248991014272,2.260488408804309
2024-11-12 19:27:35.384000+00:00,9.7701310157745,0.5032183051107721
2024-11-12 19:27:55.384000+00:00,8.968472099305664,2.475063514709877
2024-11-12 19:28:15.384000+00:00,8.170209121705437,1.564605617523449
2024-11-12 19:28:35.384000+00:00,8.986103153230228,1.8062897503378958
2024-11-12 19:28:55.384000+00:00,6.991132497785265,0.349647164344677
2024-11-12 19:29:15.384000+00:00,8.173657703400995,2.4553180336956224
2024-11-12 19:29:35.384000+00:00,9.770595836636314,1.9130213975900323
2024-11-12 19:29:55.384000+00:00,11.980792999269536,1.8767536401751723
2024-11-12 19:30:15.384000+00:00,9.778864002229382,1.771334850788406
2024-11-12 19:30:35.384000+00:00,9.773803520204234,1.4972406148912971
2024-11-12 19:30:55.384000+00:00,11.990432572361016,0.6032672643659591
2024-11-12 19:31:15.384000+00:00,15.980590009691943,2.207812476158503
2024-11-12 19:31:35.384000+00:00,11.18300991057996,1.3202995479102728
2024-11-12 19:31:55.384000+00:00,12.783264875414076,1.5694621026518525
2024-11-12 19:32:15.384000+00:00,11.391564750673249,1.165392947197151
2024-11-12 19:32:35.384000+00:00,8.990651893617192,1.0869765162469733
2024-11-12 19:32:55.384000+00:00,12.176569175716365,3.491497051714747
2024-11-12 19:33:15.384000+00:00,6.576719403267981,0.5345997929573932
2024-11-12 19:33:35.384000+00:00,5.185196137426644,1.9949673354619395
2024-11-12 19:33:55.384000+00:00,8.973291802407777,1.282344156503887
2024-11-12 19:34:15.384000+00:00,9.578856992723123,1.805448067188558
2024-11-12 19:34:35.384000+00:00,4.376697635649251,2.1419378757470033
2024-11-12 19:34:55.384000+00:00,3.3927225351339163,3.4584191083913733
2024-11-12 19:35:15.384000+00:00,3.378632307053164,1.1145281940700444
2024-11-12 19:35:35.384000+00:00,3.586886429785548,2.299068272113073
2024-11-12 19:35:55.384000+00:00,6.38118410110578,1.022727954387832
2024-11-12 19:36:15.384000+00:00,4.175806450844494,1.0686741590501625
2024-11-12 19:36:35.384000+00:00,5.5868490457517135,1.092174410819662
2024-11-12 19:36:55.384000+00:00,9.57540860176243,0.9407151639463055
2024-11-12 19:37:15.384000+00:00,6.782134437558891,0.0648328423499856
2024-11-12 19:37:35.384000+00:00,10.37726074457338,1.5626474976542166
2024-11-12 19:37:55.384000+00:00,8.177105998994255,3.6058970093733005
2024-11-12 19:38:15.384000+00:00,13.580562877657249,2.804872584343415
2024-11-12 19:38:34.783999+00:00,26.54707421647374,3.15696809520069
2024-11-12 19:38:53.684000+00:00,23.22350552207573,2.896643387643949
2024-11-12 19:39:13.184000+00:00,18.7890846252382,0.9072874665257447
2024-11-12 19:39:33.184000+00:00,14.377057266237701,0.41233123540885036
2024-11-12 19:39:53.184000+00:00,8.178477215764321,1.3622335314746363
2024-11-12 19:40:13.184000+00:00,13.77374610901104,1.0486555397512243
2024-11-12 19:40:33.184000+00:00,14.375554466249906,1.0242882013322596
2024-11-12 19:40:53.184000+00:00,16.77797012329376,2.7181079149250658
2024-11-12 19:41:12.884000+00:00,24.187342850197805,1.7872406926347617
2024-11-12 19:41:31.534000+00:00,29.9426214122249,4.662728789132549
2024-11-12 19:41:48.334000+00:00,42.61936163445846,3.937491915027771
2024-11-12 19:42:03.884000+00:00,44.949344783613796,4.72401339512151
2024-11-12 19:42:13.084000+00:00,47.88633100175692,5.0323211947908115
2024-11-12 19:42:21.734000+00:00,51.668524575429345,3.078122622484998
2024-11-12 19:42:35.034000+00:00,68.15747640962188,4.632264375683782
2024-11-12 19:42:47.484000+00:00,65.97832452686288,5.021046816358932
2024-11-12 19:43:00.534000+00:00,57.68186329026273,3.7935081764484355
2024-11-12 19:43:14.234000+00:00,57.4651512310973,4.472739301999564
2024-11-12 19:43:28.534000+00:00,50.547566835583744,2.6095466047125937
2024-11-12 19:43:43.284000+00:00,50.94422778567751,3.165670584987949
2024-11-12 19:43:58.984000+00:00,36.18604016591013,3.264223796775313
2024-11-12 19:44:16.384000+00:00,31.270688549502893,1.9583925899568513
2024-11-12 19:44:35.484000+00:00,23.18111810683471,0.6289873480794825
2024-11-12 19:44:55.484000+00:00,13.587370872499779,1.0950532794000507
2024-11-12 19:45:15.484000+00:00,8.1860091209425,0.30360690355305864
2024-11-12 19:45:35.484000+00:00,7.982633709908837,1.4414399862291785
2024-11-12 19:45:55.484000+00:00,11.186723899837771,1.7467578649515352
2024-11-12 19:46:15.484000+00:00,6.382378542424291,0.6187541723252354
2024-11-12 19:46:35.484000+00:00,8.785545349118316,0.9088610649106013
2024-11-12 19:46:55.484000+00:00,5.586849045754392,1.617858684063222
2024-11-12 19:47:15.484000+00:00,4.992800736428123,1.2378854393961067
2024-11-12 19:47:35.484000+00:00,5.772744750977506,1.8546571195128612
2024-11-12 19:47:55.484000+00:00,8.979023838040375,1.537905120849123
2024-11-12 19:48:15.484000+00:00,6.382616567612738,1.2393990397455334
2024-11-12 19:48:35.484000+00:00,4.989352345465036,1.67784821987099
2024-11-12 19:48:55.484000+00:00,6.592827749253397,0.8760973095895291
2024-11-12 19:49:15.484000+00:00,8.98897190094141,2.0208382010463204
2024-11-12 19:49:35.484000+00:00,9.581517410279886,2.5337888956074086
2024-11-12 19:49:55.484000+00:00,9.788435173031573,1.2614235639568154
2024-11-12 19:50:15.484000+00:00,7.986259126664513,0.31343716382985465
2024-11-12 19:50:35.484000+00:00,5.790224504468994,0.4243432819841951
2024-11-12 19:50:55.484000+00:00,5.787406730652801,2.178437608480809
2024-11-12 19:51:15.484000+00:00,6.7855827331554055,1.2897100448610506
2024-11-12 19:51:35.484000+00:00,6.384324002266974,3.2331835389142554
2024-11-12 19:51:55.484000+00:00,1.982755470275252,1.4178554654116915
2024-11-12 19:52:15.484000+00:00,3.42251865863856,1.3502532124521556
2024-11-12 19:52:35.484000+00:00,1.8321598052972723,0.7809091329572115
2024-11-12 19:52:55.484000+00:00,1.3915232658388506,2.3846866250042043
2024-11-12 19:53:15.484000+00:00,2.97817664146472,0.708822864294168
2024-11-12 19:53:35.484000+00:00,1.030170297622849,0.18116202354434113
2024-11-12 19:53:55.484000+00:00,3.391995763777614,1.5436967492098697
2024-11-12 19:54:15.484000+00:00,3.2236830711370015,0.4751045942307295
2024-11-12 19:54:35.484000+00:00,2.834796762465534,1.662262082099389
2024-11-12 19:54:55.484000+00:00,2.0008327007296973,2.716033089161363
2024-11-12 19:55:15.484000+00:00,2.011476159096093,1.6527256667616683
2024-11-12 19:55:35.484000+00:00,1.391523265838183,0.5969094514844915
2024-11-12 19:55:55.484000+00:00,2.9962731599812638,2.2354543626312093
2024-11-12 19:56:15.484000+00:00,2.0008327007296973,1.389908629656065
2024-11-12 19:56:35.484000+00:00,2.796567535399506,1.4755741596217258
2024-11-12 19:56:55.484000+00:00,0.8081928730012307,1.3180801510813005
2024-11-12 19:57:15.484000+00:00,0.42083711624152387,1.1429250836374243
2024-11-12 19:57:35.484000+00:00,0.0,2.1038789570324923
2024-11-12 19:57:55.484000+00:00,2.0008327007296973,1.3617725193502743
2024-11-12 19:58:15.484000+00:00,3.4225186586369185,2.5385434627524934
2024-11-12 19:58:35.484000+00:00,0.1988355875015584,0.8775980591775421
2024-11-12 19:58:55.484000+00:00,2.619915509224366,2.122738516331066
2024-11-12 19:59:15.484000+00:00,1.224000644684038,0.9664251148702293
2024-11-12 19:59:35.484000+00:00,0.421117305755482,2.5031483173362448
2024-11-12 19:59:55.484000+00:00,4.391406822205307,1.6143205046656386
2024-11-12 20:00:15.484000+00:00,4.1867491960512275,2.929633766411809
2024-11-12 20:00:35.484000+00:00,12.777959728243054,6.433446276188948
2024-11-12 20:00:55.484000+00:00,15.16892442703495,3.0638861894612552
2024-11-12 20:01:15.484000+00:00,11.974641609193851,1.2537275850774907
2024-11-12 20:01:35.484000+00:00,11.18300991057996,1.00357754826514
2024-11-12 20:01:55.484000+00:00,7.977813911439292,2.352351886034396
2024-11-12 20:02:15.484000+00:00,6.382821083066829,3.313568735121633
2024-11-12 20:02:35.484000+00:00,3.3927225351339163,1.3255238890650054
2024-11-12 20:02:55.484000+00:00,2.032193517685269,1.4943262755873261
2024-11-12 20:03:15.484000+00:00,3.1912539482121915,2.199087876081826
2024-11-12 20:03:35.484000+00:00,3.4225186586369185,1.2734536290164735
2024-11-12 20:03:55.484000+00:00,1.7853396415713367,0.8507229030133684
2024-11-12 20:04:15.484000+00:00,2.392370140551764,2.1108019351952554
2024-11-12 20:04:35.484000+00:00,0.5624144315720524,1.7885427474978508
2024-11-12 20:04:55.484000+00:00,1.2283922433855157,0.7902548789979319
2024-11-12 20:05:15.484000+00:00,4.385302615166427,1.364190399646982
2024-11-12 20:05:35.484000+00:00,0.198835587501463,0.9520557284352154
2024-11-12 20:05:55.484000+00:00,0.8072749376298316,1.185340356826976
2024-11-12 20:06:15.484000+00:00,0.42111730575548206,1.540900623797883
2024-11-12 20:06:35.484000+00:00,2.011476159096093,2.2097181975845133
2024-11-12 20:06:55.484000+00:00,0.0,0.5568510830403284
2024-11-12 20:07:15.484000+00:00,2.4032952308658713,0.9537535786630282
2024-11-12 20:07:35.484000+00:00,0.19883558750146302,1.0961341261860242
2024-11-12 20:07:55.484000+00:00,0.8072749376298316,2.522629714012558
2024-11-12 20:08:15.484000+00:00,0.198835587501463,1.4072677850718818
2024-11-12 20:08:35.484000+00:00,2.3638270616535233,0.943329241871988
2024-11-12 20:08:55.484000+00:00,1.9518105626109448,3.3018010318284663
2024-11-12 20:09:15.484000+00:00,2.9826991081242666,1.6797490835192563
2024-11-12 20:09:35.484000+00:00,2.7853586196890605,0.38442958593356363
2024-11-12 20:09:55.484000+00:00,3.609815692902201,2.0368366926911823
2024-11-12 20:10:15.484000+00:00,3.981642651556663,1.5657376885409173
2024-11-12 20:10:35.484000+00:00,1.9816800355914495,0.4013814628124893
2024-11-12 20:10:55.484000+00:00,3.3732033014303,1.3185450792314777
2024-11-12 20:11:15.484000+00:00,3.3875943422306793,2.049944484233208
2024-11-12 20:11:35.484000+00:00,1.361727142334207,1.2525829076769015
2024-11-12 20:11:55.484000+00:00,2.6181808114056095,0.7962779223920217
2024-11-12 20:12:15.484000+00:00,4.793320536611949,1.5588311076159316
2024-11-12 20:12:35.484000+00:00,3.969585847855263,1.1913729250433007
2024-11-12 20:12:55.484000+00:00,0.9611965894700667,2.0875484347346855
2024-11-12 20:13:15.484000+00:00,2.9826991081228362,0.9480969786640984
2024-11-12 20:13:35.484000+00:00,5.785096263886444,1.5241115510466205
2024-11-12 20:13:55.484000+00:00,2.773837161063271,1.62420057058283
2024-11-12 20:14:15.484000+00:00,1.9806046128276247,2.127738463878979
2024-11-12 20:14:35.484000+00:00,3.981642651558573,1.1987831711771064
2024-11-12 20:14:55.484000+00:00,2.824132347107395,1.8229010939601062
2024-11-12 20:15:15.484000+00:00,1.9806046128266748,1.0683237195011577
2024-11-12 20:15:35.484000+00:00,3.971198058129006,0.9128014564515652
2024-11-12 20:15:55.484000+00:00,3.6084144592273746,0.8094083428380314
2024-11-12 20:16:15.484000+00:00,1.5914799690249182,1.086768069863497
2024-11-12 20:16:35.484000+00:00,1.9531424522403094,0.952049875259555
2024-11-12 20:16:55.484000+00:00,2.952085995674616,2.3625951886180925
2024-11-12 20:17:15.484000+00:00,0.0,0.9696220397946153
2024-11-12 20:17:35.484000+00:00,2.011476159096093,0.6370322287083713
2024-11-12 20:17:55.484000+00:00,2.558134889601852,2.901023381947554
2024-11-12 20:18:15.484000+00:00,0.19942007064822595,1.737506714463518
2024-11-12 20:18:35.484000+00:00,1.56963593959834,1.1867803812028916
2024-11-12 20:18:55.484000+00:00,2.011476159096093,1.487668800354247
2024-11-12 20:19:15.484000+00:00,0.3627835988997266,1.320181822776377
2024-11-12 20:19:35.484000+00:00,1.9816800355914495,2.7144494533543253
2024-11-12 20:19:55.484000+00:00,1.9816800355904989,0.610536652803228
2024-11-12 20:20:15.484000+00:00,3.976970863342935,1.2193326950075234
2024-11-12 20:20:35.484000+00:00,8.782097053529267,1.8681772351268007
2024-11-12 20:20:55.484000+00:00,3.3732033014303,2.354029548168567
2024-11-12 20:21:15.484000+00:00,5.7741161584835865,0.24803913235656525
2024-11-12 20:21:35.484000+00:00,3.3732033014303,3.746249508858339
2024-11-12 20:21:55.484000+00:00,1.3823138952250877,1.1595316410061032
2024-11-12 20:22:15.484000+00:00,3.9466891050345194,1.8223209738734363
2024-11-12 20:22:35.484000+00:00,1.392340254783858,2.3457450747493764
2024-11-12 20:22:55.484000+00:00,1.0295566558839573,0.4820209741593195
2024-11-12 20:23:15.484000+00:00,0.19883558750146302,0.9770889759060631
2024-11-12 20:23:35.484000+00:00,3.6180838584905817,1.0119962304832204
2024-11-12 20:23:55.484000+00:00,3.6267354965198493,1.3459891080852067
2024-11-12 20:24:15.484000+00:00,3.3927225351339163,0.860164105892322
2024-11-12 20:24:35.484000+00:00,1.3823138952257508,1.7551664054396636
2024-11-12 20:24:55.484000+00:00,1.7864150762552335,2.207322609423893
2024-11-12 20:25:15.484000+00:00,3.3822765111928743,1.6560271739962422
2024-11-12 20:25:35.484000+00:00,4.377773189545393,1.699710166454593
2024-11-12 20:25:55.484000+00:00,6.78320980071807,1.4353867650027505
2024-11-12 20:26:15.484000+00:00,7.391982603074328,1.4714146137239954
2024-11-12 20:26:35.484000+00:00,9.582623124124186,0.8898599028588795
2024-11-12 20:26:55.484000+00:00,11.372353649135809,2.5010009169570644
2024-11-12 20:27:15.484000+00:00,11.980792999269536,2.288186937570946
2024-11-12 20:27:35.484000+00:00,7.978293251992576,1.5321415960791231
2024-11-12 20:27:55.484000+00:00,4.971753597257949,1.8912943840020875
2024-11-12 20:28:15.484000+00:00,6.571899604798437,2.4143734335903297
2024-11-12 20:28:35.484000+00:00,2.997546648979677,2.970512795448789
2024-11-12 20:28:55.484000+00:00,2.5750015735618077,1.3224736809726347
2024-11-12 20:29:15.484000+00:00,0.8072749376298316,0.9857009768487633
2024-11-12 20:29:35.484000+00:00,0.9604013562199417,2.020404165982561
2024-11-12 20:29:55.484000+00:00,0.8081928730012307,0.8985857903958836
2024-11-12 20:30:15.484000+00:00,0.6208175659180702,0.9726496815683047
2024-11-12 20:30:35.484000+00:00,0.1988355875015584,1.5140211820604892
2024-11-12 20:30:55.484000+00:00,0.0,2.5671214878550996
2024-11-12 20:31:15.484000+00:00,1.3915232658388506,2.1314612150195744
2024-11-12 20:31:35.484000+00:00,1.391523265838183,1.0008955717083627
2024-11-12 20:31:55.484000+00:00,2.217755794525509,1.9609367430213318
2024-11-12 20:32:15.484000+00:00,0.19883558750155836,0.8968430280686891
2024-11-12 20:32:35.484000+00:00,0.42111730575568407,0.18111432790759183
2024-11-12 20:32:55.484000+00:00,1.4059143066401805,1.8953191041940418
2024-11-12 20:33:15.484000+00:00,0.42111730575568407,1.517915415764103
2024-11-12 20:33:35.484000+00:00,0.3627835988997265,2.0706698775284895
2024-11-12 20:33:55.484000+00:00,1.3915232658388506,1.1942978501321837
2024-11-12 20:34:15.484000+00:00,3.2016881942754254,1.212200200557907
2024-11-12 20:34:35.484000+00:00,0.1988355875015584,2.163324689865466
2024-11-12 20:34:55.484000+00:00,0.0,2.422719746827313
2024-11-12 20:35:15.484000+00:00,0.19942007064822595,1.9508483290675491
2024-11-12 20:35:35.484000+00:00,1.590358853339646,0.6049741029737467
2024-11-12 20:35:55.484000+00:00,0.0,0.8556311666966883
2024-11-12 20:36:15.484000+00:00,0.9712229490281739,1.010936772823499
2024-11-12 20:36:35.484000+00:00,1.590358853340409,0.672502303123584
2024-11-12 20:36:55.484000+00:00,1.6047498941416434,2.719722008704279
2024-11-12 20:37:15.484000+00:00,0.0,2.10656617879902
2024-11-12 20:37:35.484000+00:00,0.19883558750146302,2.0022866010659564
2024-11-12 20:37:55.484000+00:00,2.0128774642947627,1.4667165040972245
2024-11-12 20:38:15.484000+00:00,4.218588495255206,0.4754536271096053
2024-11-12 20:38:35.484000+00:00,2.0309953927997095,1.228359508514605
2024-11-12 20:38:55.484000+00:00,3.0194943428030006,1.1278417229648838
2024-11-12 20:39:15.484000+00:00,0.42111730575568407,2.170663738251087
2024-11-12 20:39:35.484000+00:00,1.6047498941416434,0.2716662645339107
2024-11-12 20:39:55.484000+00:00,0.42111730575568407,2.704699409008468
2024-11-12 20:40:15.484000+00:00,2.826528596878514,1.0228633344175102
2024-11-12 20:40:35.484000+00:00,11.172753334041877,4.149405878780961
2024-11-12 20:40:53.584000+00:00,35.317349021825116,8.10760296421463
2024-11-12 20:41:10.534000+00:00,30.383418023920438,2.1674359686628746
2024-11-12 20:41:29.384000+00:00,18.988789749148612,1.5238943725826846
2024-11-12 20:41:49.384000+00:00,11.980484867092159,0.4752412319181847
2024-11-12 20:42:09.384000+00:00,4.191877388954848,1.3923479676248918
2024-11-12 20:42:29.384000+00:00,6.384324002266974,0.9304914236070246
2024-11-12 20:42:49.384000+00:00,6.577304530144812,2.556718075275839
2024-11-12 20:43:09.384000+00:00,5.213620853422424,1.4916063666338972
2024-11-12 20:43:29.384000+00:00,2.011476159096093,0.44022784233100454
2024-11-12 20:43:49.384000+00:00,1.0295566558834635,1.5505632281298503
2024-11-12 20:44:09.384000+00:00,0.8072749376298316,0.9095728874208029
2024-11-12 20:44:29.384000+00:00,3.417390465736948,2.1972828030589833
2024-11-12 20:44:49.384000+00:00,1.4216913819308554,1.0568883776661393
2024-11-12 20:45:09.384000+00:00,3.604044210911386,1.605553245544696
2024-11-12 20:45:29.384000+00:00,0.6199528932572425,0.5995371103287723
2024-11-12 20:45:49.384000+00:00,1.2283922433849266,0.7255512833592982
2024-11-12 20:46:09.384000+00:00,0.6084393501282732,2.5634522199634926
2024-11-12 20:46:29.384000+00:00,2.025867199898097,0.7740825116635633
2024-11-12 20:46:49.384000+00:00,2.1987982034676277,3.415983259676807
2024-11-12 20:47:09.384000+00:00,0.6199528932572425,3.3797779083257478
2024-11-12 20:47:29.384000+00:00,3.20168819427389,2.358621931075304
2024-11-12 20:47:49.384000+00:00,1.224000644684038,1.3806116998197904
2024-11-12 20:48:09.384000+00:00,0.6084393501282732,0.963887774944463
2024-11-12 20:48:29.384000+00:00,1.223720455169878,0.5788090825081817
2024-11-12 20:48:49.384000+00:00,1.9999626159661645,0.7722628593442382
2024-11-12 20:49:09.384000+00:00,2.823342061043247,0.5348445534706989
2024-11-12 20:49:29.384000+00:00,3.4173904657353087,1.8454257905477411
2024-11-12 20:49:49.384000+00:00,0.1988355875015584,2.129409146309247
2024-11-12 20:50:09.384000+00:00,0.19942007064822595,1.262443393469063
2024-11-12 20:50:29.384000+00:00,0.6087728023530048,1.0036894112827035
2024-11-12 20:50:49.384000+00:00,0.0,0.9648237466809083
2024-11-12 20:51:09.384000+00:00,1.5892377495768284,1.239842581749165
2024-11-12 20:51:29.384000+00:00,0.6087728023527128,1.159919071197143
2024-11-12 20:51:49.384000+00:00,2.0128774642947627,1.7067280054095197
2024-11-12 20:52:09.384000+00:00,1.590358853340409,3.021959900856512
2024-11-12 20:52:29.384000+00:00,0.0,2.155129301548356
2024-11-12 20:52:49.384000+00:00,0.0,1.3051458001132652
2024-11-12 20:53:09.384000+00:00,0.6084393501282732,1.5510997891428624
2024-11-12 20:53:29.384000+00:00,4.563106751440513,1.241180574893559
2024-11-12 20:53:49.384000+00:00,4.565095233917982,0.963856971264043
2024-11-12 20:54:09.384000+00:00,5.1803763389595865,2.0234275341037242
2024-11-12 20:54:29.384000+00:00,4.976245760918477,1.3063554286958923
2024-11-12 20:54:49.384000+00:00,4.579637408255083,1.5296730756754806
2024-11-12 20:55:09.384000+00:00,2.589392614365047,1.7570495843890201
2024-11-12 20:55:29.384000+00:00,2.950754129885694,1.6256544947619067
2024-11-12 20:55:49.384000+00:00,2.216891193390255,2.6291624307636745
2024-11-12 20:56:09.384000+00:00,1.8126405715945346,1.914581024647072
2024-11-12 20:56:29.384000+00:00,0.9611965894700667,1.0283749997617495
2024-11-12 20:56:49.384000+00:00,2.0114761590951282,1.4276736974711672
2024-11-12 20:57:09.384000+00:00,0.1988355875015584,1.267733192444055
2024-11-12 20:57:29.384000+00:00,1.4234207153315812,0.5266572862861876
2024-11-12 20:57:49.384000+00:00,2.7532504081730576,2.489771544933726
2024-11-12 20:58:09.384000+00:00,0.561619186401459,1.0978554606439477
2024-11-12 20:58:29.384000+00:00,0.9619918346401988,2.2482030928127807
2024-11-12 20:58:49.384000+00:00,1.6047498941424132,1.0041076362134667
2024-11-12 20:59:09.384000+00:00,3.2016881942754254,0.1811143279075919
2024-11-12 20:59:29.384000+00:00,0.6208175659177725,1.5273327291006982
2024-11-12 20:59:49.384000+00:00,0.19883558750155836,3.4251150727277633
2024-11-12 21:00:09.384000+00:00,3.42425341606196,1.1851866483690292
2024-11-12 21:00:29.384000+00:00,0.19883558750146302,0.45591790080056077
2024-11-12 21:00:49.384000+00:00,0.42111730575568407,1.4971959710123601
2024-11-12 21:01:09.384000+00:00,1.030170297622849,0.7469709515572815
2024-11-12 21:01:29.384000+00:00,3.1843281030644843,0.6718603372571729
2024-11-12 21:01:49.384000+00:00,1.8134573936465366,0.7390676021577136
2024-11-12 21:02:09.384000+00:00,0.19942007064822592,3.2233755528932115
2024-11-12 21:02:29.384000+00:00,0.9619918346401988,1.5028336644167917
2024-11-12 21:02:49.384000+00:00,0.1988355875015584,0.9141242265702788
2024-11-12 21:03:09.384000+00:00,0.0,0.21342830061916024
2024-11-12 21:03:29.384000+00:00,0.6190882325170467,0.9182630538937526
2024-11-12 21:03:49.384000+00:00,0.8072749376298316,1.362673521042093
2024-11-12 21:04:09.384000+00:00,2.216891193390255,2.2595279991630433
2024-11-12 21:04:29.384000+00:00,2.374259757994855,2.161208772658618
2024-11-12 21:04:49.384000+00:00,1.5914799690249184,1.0313492745162742
2024-11-12 21:05:09.384000+00:00,0.421117305755482,2.0573289871209317
2024-11-12 21:05:29.384000+00:00,0.6199528932572423,2.2848587274555126
2024-11-12 21:05:49.384000+00:00,0.1988355875015584,1.5106762766840542
2024-11-12 21:06:09.384000+00:00,2.198798203468682,1.8548831045630625
2024-11-12 21:06:29.384000+00:00,0.19825111627572467,2.1542484462254388
2024-11-12 21:06:49.384000+00:00,0.1988355875015584,1.3815125703813904
2024-11-12 21:07:09.384000+00:00,0.19883558750146302,1.7550165176386052
2024-11-12 21:07:29.384000+00:00,0.1988355875015584,1.7795223236086892
2024-11-12 21:07:49.384000+00:00,0.0,0.7053429722787105
2024-11-12 21:08:09.384000+00:00,0.19883558750155836,0.9222711086274701
2024-11-12 21:08:29.384000+00:00,2.4032952308647184,2.7746874213209916
2024-11-12 21:08:49.384000+00:00,1.3915232658388506,1.0778114080430838
2024-11-12 21:09:09.384000+00:00,0.619952893256945,1.5747176110739498
2024-11-12 21:09:29.384000+00:00,1.5914799690249182,0.21607643365863513
2024-11-12 21:09:49.384000+00:00,0.561619186401459,1.3633619010450684
2024-11-12 21:10:09.384000+00:00,4.98116025924764,1.8333683967593328
2024-11-12 21:10:29.384000+00:00,0.619952893256945,2.050124639272042
2024-11-12 21:10:49.384000+00:00,0.9838119268418964,0.7868491053582524
2024-11-12 21:11:09.384000+00:00,1.5605627298350169,2.0538360476487343
2024-11-12 21:11:29.384000+00:00,4.57619032859877,2.0849856913093157
2024-11-12 21:11:49.384000+00:00,4.3707754611976135,1.3618732333185515
2024-11-12 21:12:09.384000+00:00,4.550356101988307,0.9050065040585518
2024-11-12 21:12:29.384000+00:00,4.377773189545393,1.088902997970759
2024-11-12 21:12:49.384000+00:00,6.377735805512517,1.133205330372042
2024-11-12 21:13:09.384000+00:00,6.571899604795285,0.8277576923367744
2024-11-12 21:13:29.384000+00:00,7.979493808747642,1.90995206832917
2024-11-12 21:13:49.384000+00:00,6.578331470490577,1.1594966590406404
2024-11-12 21:14:09.384000+00:00,6.591418933866324,0.5631726503370411
2024-11-12 21:14:29.384000+00:00,7.371054458619368,0.9750068783761664
2024-11-12 21:14:49.384000+00:00,7.374502849580063,2.1820654392246
2024-11-12 21:15:09.384000+00:00,18.371725654596244,2.3204754978411013
2024-11-12 21:15:28.584000+00:00,26.464630831845845,3.609952294956493
2024-11-12 21:15:46.384000+00:00,31.781666556064426,4.187251777322443
2024-11-12 21:16:03.434000+00:00,34.17314360127147,2.8458875876202456
2024-11-12 21:16:17.734000+00:00,63.930213471731776,15.74888165179727
2024-11-12 21:16:27.934000+00:00,101.29065984960972,24.345282549130832
2024-11-12 21:16:35.784000+00:00,137.975353785965,32.40850084169544
2024-11-12 21:16:42.584000+00:00,156.60325599449197,29.644263486086356
2024-11-12 21:16:49.284000+00:00,155.2490963654185,25.250840537669216
2024-11-12 21:16:54.184000+00:00,179.05718866981252,22.215072552359604
2024-11-12 21:16:58.684000+00:00,185.23431015011752,23.8277049064599
2024-11-12 21:17:04.684000+00:00,198.54898198442535,16.82537999252215
2024-11-12 21:17:10.684000+00:00,193.24295171098868,14.896585678058521
2024-11-12 21:17:16.734000+00:00,193.20922601426923,18.187525389632434
2024-11-12 21:17:22.684000+00:00,204.36083563447843,19.113173443700234
2024-11-12 21:17:28.534000+00:00,206.86496088044288,11.783093900994709
2024-11-12 21:17:34.634000+00:00,180.42346651600337,13.405315715175377
2024-11-12 21:17:40.884000+00:00,195.70427063962353,11.270673188465057
2024-11-12 21:17:47.184000+00:00,184.3230116366464,8.268099874254112
2024-11-12 21:17:53.534000+00:00,185.4883284796714,11.009542393311062
2024-11-12 21:18:00.134000+00:00,176.64534637889562,6.289445351861867
2024-11-12 21:18:06.934000+00:00,171.4402440768118,10.107102732157541
2024-11-12 21:18:13.584000+00:00,177.24888541493007,8.995200765861117
2024-11-12 21:18:20.134000+00:00,178.25197425257005,12.175058699572261
2024-11-12 21:18:26.434000+00:00,201.0836554356194,11.2814194293834
2024-11-12 21:18:32.734000+00:00,183.18344233560848,7.9100130246126135
2024-11-12 21:18:39.284000+00:00,177.22409797448557,8.273440816190964
2024-11-12 21:18:45.984000+00:00,172.90428610420315,11.95214790457217
2024-11-12 21:18:53.034000+00:00,162.04891988667845,8.517458291898706
2024-11-12 21:19:00.384000+00:00,157.0005293150206,7.507690497346826
2024-11-12 21:19:08.334000+00:00,134.040453742486,3.902786251375313
2024-11-12 21:19:17.134000+00:00,114.89710210437806,4.89522965399516
2024-11-12 21:19:23.184000+00:00,113.16824785902743,6.497140313207994
2024-11-12 21:19:30.134000+00:00,91.37367003553311,2.1246390714554897
2024-11-12 21:19:41.634000+00:00,72.7550749344943,2.7225505302009494
2024-11-12 21:19:54.484000+00:00,59.83823776244812,1.8027497126774705
2024-11-12 21:20:08.834000+00:00,47.88906956351793,4.751819672175228
2024-11-12 21:20:25.234001+00:00,31.76269520473749,2.5702963188540973
2024-11-12 21:20:35.584000+00:00,24.89582324027626,4.084784417102096
2024-11-12 21:20:47.084000+00:00,21.581828212741563,0.7833091974259703
2024-11-12 21:21:07.084000+00:00,17.58225374221246,1.3425200939174222
2024-11-12 21:21:27.084000+00:00,10.575049614908039,0.21310827732089666
2024-11-12 21:21:47.084000+00:00,7.186661589146835,0.0
2024-11-12 21:22:07.084000+00:00,6.190616607664059,1.820882308482548
2024-11-12 21:22:27.084000+00:00,6.383129549027532,2.3912683129314516
2024-11-12 21:22:47.084000+00:00,0.982736492157143,1.9731641829017048
2024-11-12 21:23:07.084000+00:00,4.175806450842491,1.0614736258980255
2024-11-12 21:23:27.084000+00:00,1.7927420616152832,0.39421416819102056
2024-11-12 21:23:47.084000+00:00,1.5865040540697783,2.4934583187107346
2024-11-12 21:24:07.084000+00:00,0.5616191864011896,0.5929244279859576
2024-11-12 21:24:27.084000+00:00,3.187297153473421,2.2619039058689
2024-11-12 21:24:47.084000+00:00,1.2283922433855157,1.1205075144769592
2024-11-12 21:25:07.084000+00:00,0.5616191864011896,1.8476373374456285
2024-11-12 21:25:27.084000+00:00,1.590358853340409,1.354180192947609
2024-11-12 21:25:47.084000+00:00,2.619915509224366,0.1434185385704275
2024-11-12 21:26:07.084000+00:00,0.8063570618626906,2.6419554471961253
2024-11-12 21:26:27.084000+00:00,1.590358853340409,1.2703391075136354
2024-11-12 21:26:47.084000+00:00,2.198798203468682,1.1860785007478745
2024-11-12 21:27:07.084000+00:00,0.7623610019681427,1.7736479461187478
2024-11-12 21:27:27.084000+00:00,0.0,1.1161989569665827
2024-11-12 21:27:47.084000+00:00,2.200252771377923,0.675637644529453
2024-11-12 21:28:07.084000+00:00,4.187057685850727,1.277005982398583
2024-11-12 21:28:27.084000+00:00,5.774116158486356,2.0012983441356114
2024-11-12 21:28:47.084000+00:00,11.17186126709167,1.4869518041613148
2024-11-12 21:29:07.084000+00:00,8.782097053525055,0.9866662383076408
2024-11-12 21:29:27.084000+00:00,7.388893890382067,2.361996054649739
2024-11-12 21:29:47.084000+00:00,5.1803763389595865,0.8147948622704884
2024-11-12 21:30:07.084000+00:00,5.792264080045776,1.0512081503864779
2024-11-12 21:30:27.084000+00:00,4.378848552704573,1.3802252292635313
2024-11-12 21:30:47.084000+00:00,3.560525345802889,1.932156443596202
2024-11-12 21:31:07.084000+00:00,7.175690007207509,0.6605356097219286
2024-11-12 21:31:27.084000+00:00,3.9938571929938167,2.137768876552931
2024-11-12 21:31:47.084000+00:00,4.590242409704664,1.1770770430561157
2024-11-12 21:32:07.084000+00:00,4.585410213471208,1.4259487569334452
2024-11-12 21:32:27.084000+00:00,3.981642651558573,2.2821542620662605
2024-11-12 21:32:47.084000+00:00,4.989352345467429,0.4958587169648027
2024-11-12 21:33:07.084000+00:00,8.776968765256013,2.338417541980004
2024-11-12 21:33:27.084000+00:00,5.1803763389595865,1.231663191318713
2024-11-12 21:33:47.084000+00:00,8.19317693710068,1.7786083519453146
2024-11-12 21:34:07.084000+00:00,8.992331600190678,0.9808305501939469
2024-11-12 21:34:27.084000+00:00,8.782362556458954,0.3726559549570693
2024-11-12 21:34:47.084000+00:00,11.983932971956305,1.6590715050700038
2024-11-12 21:35:07.084000+00:00,4.991032242773385,1.2981057345863052
2024-11-12 21:35:27.084000+00:00,4.99106965065084,0.8962064385415588
2024-11-12 21:35:47.084000+00:00,4.190197491644488,0.9229222595688763
2024-11-12 21:36:07.084000+00:00,2.784283185005643,1.0655872464181735
2024-11-12 21:36:27.084000+00:00,4.77957410812456,0.8009711503983853
2024-11-12 21:36:47.084000+00:00,2.010074865817388,1.5042616784567846
2024-11-12 21:37:07.084000+00:00,1.0295566558839573,1.4828458786013166
2024-11-12 21:37:27.084000+00:00,3.608414459229105,1.3617620229723295
2024-11-12 21:37:47.084000+00:00,3.3875943422306793,2.163574409484179
2024-11-12 21:38:07.084000+00:00,0.8072749376298316,1.5934225916865092
2024-11-12 21:38:27.084000+00:00,2.0309953927997095,1.8718258023265082
2024-11-12 21:38:47.084000+00:00,4.184879660605061,0.7682682991025402
2024-11-12 21:39:07.084000+00:00,1.2283922433855157,1.9162559270861896
2024-11-12 21:39:27.084000+00:00,7.979759311677328,2.1009345054629898
2024-11-12 21:39:47.084000+00:00,3.5894225239742372,2.2865208864204805
2024-11-12 21:40:07.084000+00:00,3.5868864297872682,1.100352793932141
2024-11-12 21:40:27.084000+00:00,4.585410213471209,0.15239858627321826
2024-11-12 21:40:47.084000+00:00,2.6199155092231097,1.0649065732952565
2024-11-12 21:41:07.084000+00:00,2.3923701405529116,2.772520875931239
2024-11-12 21:41:27.084000+00:00,3.631073594093916,1.0279127717019807
2024-11-12 21:41:47.084000+00:00,2.7754492282858654,2.136798706650058
2024-11-12 21:42:07.084000+00:00,3.38805084228571,1.521432554722081
2024-11-12 21:42:27.084000+00:00,5.7818179607400815,0.6984990358353803
2024-11-12 21:42:47.084000+00:00,2.6199155092231097,0.6656010627744477
2024-11-12 21:43:07.084000+00:00,1.4234207153322638,1.372539293766246
2024-11-12 21:43:27.084000+00:00,3.1768629074101873,0.3940558552742648
2024-11-12 21:43:47.084000+00:00,0.8081928730008431,1.2414376556869395
2024-11-12 21:44:07.084000+00:00,1.9816800355914495,1.0807360053064206
2024-11-12 21:44:27.084000+00:00,0.561619186401459,3.3037621855741177
2024-11-12 21:44:47.084000+00:00,3.6084144592273746,0.649265509843621
2024-11-12 21:45:07.084000+00:00,1.8126405715945346,2.8470766544346695
2024-11-12 21:45:27.084000+00:00,0.7623610019681427,1.2639117360111054
2024-11-12 21:45:47.084000+00:00,1.422556042671436,2.229548013210661
2024-11-12 21:46:07.084000+00:00,4.5766683578498695,1.0061568379403805
2024-11-12 21:46:27.084000+00:00,2.175424170494435,1.3723414778711653
2024-11-12 21:46:47.084000+00:00,1.7853396415704803,2.8011987030497276
2024-11-12 21:47:07.084000+00:00,2.39377899169961,1.7693907499316246
2024-11-12 21:47:27.084000+00:00,3.183440923689789,2.77372730970295
2024-11-12 21:47:47.084000+00:00,1.1689298748971941,1.72552714943914
2024-11-12 21:48:07.084000+00:00,2.0309953927997095,1.8873339414599641
2024-11-12 21:48:27.084000+00:00,0.6208175659180702,0.8701917409898273
2024-11-12 21:48:47.084000+00:00,2.784283185004308,2.517974221705594
2024-11-12 21:49:07.084000+00:00,6.377735805512517,2.1991421699527516
2024-11-12 21:49:27.084000+00:00,4.7842458009704725,1.4595682740206872
2024-11-12 21:49:47.084000+00:00,3.605445408821695,1.5966424584391343
2024-11-12 21:50:07.084000+00:00,6.186789250374852,3.130826663971459
2024-11-12 21:50:27.084000+00:00,0.6199528932572425,0.6566567778588415
2024-11-12 21:50:47.084000+00:00,2.9780273199072003,1.912782669066778
2024-11-12 21:51:07.084000+00:00,1.4225560426714363,0.8927661776544122
2024-11-12 21:51:27.084000+00:00,0.5616191864011896,0.9030252099034315
2024-11-12 21:51:47.084000+00:00,1.223720455169878,1.3142075181009534
2024-11-12 21:52:07.084000+00:00,0.561619186401459,1.7467823386195176
2024-11-12 21:52:27.084000+00:00,0.9827364921566715,1.8713635563844486
2024-11-12 21:52:47.084000+00:00,0.1982511162758198,2.35689623355904
2024-11-12 21:53:07.084000+00:00,2.828470349312291,1.879624140262911
2024-11-12 21:53:27.084000+00:00,4.7842458009704725,2.0191421985619837
2024-11-12 21:53:47.084000+00:00,1.5911758422854163,0.15239858627321826
2024-11-12 21:54:07.084000+00:00,9.581251716615336,4.775371646881884
2024-11-12 21:54:27.084000+00:00,16.769967651361885,2.6366039574137936
2024-11-12 21:54:47.084000+00:00,18.773697757724015,0.3801254272461559
2024-11-12 21:55:07.084000+00:00,17.578105831149113,1.0189011156560657
2024-11-12 21:55:27.084000+00:00,14.380682897563203,1.8548295766109324
2024-11-12 21:55:47.084000+00:00,20.76781902313572,1.702543729543964
2024-11-12 21:56:07.084000+00:00,14.374897861483062,1.867569696903534
2024-11-12 21:56:27.084000+00:00,12.967694473262501,1.2024035096164716
2024-11-12 21:56:47.084000+00:00,19.570192146304468,1.8899586439135778
2024-11-12 21:57:07.034000+00:00,22.33083456604594,1.555023822352884
2024-11-12 21:57:26.784000+00:00,25.06940355106067,1.5537968825319513
2024-11-12 21:57:38.084000+00:00,15.90482211107642,4.033701881752791
2024-11-12 21:57:49.534000+00:00,21.944356228246306,1.3942977531476106
2024-11-12 21:58:09.284000+00:00,26.29484799443239,2.30808196019134
2024-11-12 21:58:28.134000+00:00,28.613769362649954,4.507484916824849
2024-11-12 21:58:38.684000+00:00,22.641654014583864,4.901560455559918
2024-11-12 21:58:49.034000+00:00,32.196319817146964,3.925588386880142
2024-11-12 21:59:06.284000+00:00,38.47572281247301,3.2230027090937226
2024-11-12 21:59:23.334000+00:00,33.63539348448415,3.5066871698197017
2024-11-12 21:59:40.534000+00:00,32.73948167499811,2.9108965466594743
2024-11-12 21:59:58.284000+00:00,28.209420701735013,1.4203346293907122
2024-11-12 22:00:16.734000+00:00,28.204123935181993,2.436854871543508
2024-11-12 22:00:35.084000+00:00,28.1927917815827,2.2303979737418054
2024-11-12 22:00:54.184000+00:00,21.97680735588433,0.197166430950197
2024-11-12 22:01:14.184000+00:00,18.78912696838686,1.6803611397745972
2024-11-12 22:01:34.184000+00:00,12.7830880165121,1.01849110126512
2024-11-12 22:01:54.184000+00:00,12.171987915035213,2.2999070167534232
2024-11-12 22:02:14.184000+00:00,7.390573787690417,1.5710306763651554
2024-11-12 22:02:34.184000+00:00,4.9800217628463255,1.7718018501991393
2024-11-12 22:02:54.184000+00:00,4.984803581238608,1.4400023937227695
2024-11-12 22:03:14.184000+00:00,4.971753597260333,1.2370177745821114
2024-11-12 22:03:34.184000+00:00,1.1834783077236248,2.7762812733641438
2024-11-12 22:03:54.184000+00:00,1.9816800355914495,0.1971014738083208
2024-11-12 22:04:14.184000+00:00,3.976970863342936,2.028970086574886
2024-11-12 22:04:34.184000+00:00,3.583438038824856,1.7303935289377463
2024-11-12 22:04:54.184000+00:00,2.5854475975040847,1.922805702686624
2024-11-12 22:05:14.184000+00:00,2.576029157638971,2.049427545070983
2024-11-12 22:05:34.184000+00:00,0.36299436092365234,0.519731611013248
2024-11-12 22:05:54.184000+00:00,2.773837161064601,0.3782158017159126
2024-11-12 22:06:14.184000+00:00,3.1768629074101873,2.5427092790607793
2024-11-12 22:06:34.184000+00:00,4.381221485136554,1.4088549613948183
2024-11-12 22:06:54.184000+00:00,1.9816800355914495,1.2829012155534933
2024-11-12 22:07:14.184000+00:00,2.7832077622418185,1.1220715999605104
2024-11-12 22:07:34.184000+00:00,2.7842831850043077,3.2318683743466647
2024-11-12 22:07:54.184000+00:00,6.383129549027532,0.13683890700342508
2024-11-12 22:08:14.184000+00:00,5.982979583741212,1.1204818725587768
2024-11-12 22:08:34.184000+00:00,3.3748153686512765,1.4814719855780685
2024-11-12 22:08:54.184000+00:00,3.587961864472022,2.724195304513423
2024-11-12 22:09:14.184000+00:00,3.5780523777013897,0.7874764323235844
2024-11-12 22:09:34.184000+00:00,1.3823138952250877,0.617179214954181
2024-11-12 22:09:54.184000+00:00,3.576440310478795,2.362756681442647
2024-11-12 22:10:14.184000+00:00,5.772744750977506,3.3766219854360378
2024-11-12 22:10:34.184000+00:00,2.3912837982170174,1.5013342976565383
2024-11-12 22:10:54.184000+00:00,1.5613579750063586,2.5970491349701357
2024-11-12 22:11:14.184000+00:00,2.952085995674616,1.413683569431536
2024-11-12 22:11:34.184000+00:00,5.173378610609326,1.5559671044344752
2024-11-12 22:11:54.184000+00:00,10.380980634691028,2.347763931751635
2024-11-12 22:12:14.184000+00:00,7.181710171697254,2.5864001929751796
2024-11-12 22:12:34.184000+00:00,7.379322552682175,1.9202897191050807
2024-11-12 22:12:54.184000+00:00,14.375554466249906,1.4090923964979567
2024-11-12 22:13:14.184000+00:00,11.388424777986481,1.78072533607512
2024-11-12 22:13:34.184000+00:00,14.376577663417086,2.6682974457732347
2024-11-12 22:13:54.184000+00:00,12.767030811311901,0.44783287048347165
2024-11-12 22:14:14.184000+00:00,13.566185855861189,1.2566038250919183
2024-11-12 22:14:34.184000+00:00,11.179561424257198,1.328291404247501
2024-11-12 22:14:54.184000+00:00,15.176520442965126,2.4529244422916605
2024-11-12 22:15:14.184000+00:00,12.98505439758513,1.6873395204546824
2024-11-12 22:15:34.184000+00:00,14.571064758296174,1.8668038368219195
2024-11-12 22:15:53.934000+00:00,22.1703639886338,3.0763171513878085
2024-11-12 22:16:12.284000+00:00,30.857105255121517,4.724895972324527
2024-11-12 22:16:22.384000+00:00,42.535275459418905,8.158385475501394
2024-11-12 22:16:31.534000+00:00,42.960964526982806,4.103885499478338
2024-11-12 22:16:46.634000+00:00,49.72777705864965,3.5301544842306454
2024-11-12 22:17:02.084000+00:00,38.902672052361794,2.5716592371449476
2024-11-12 22:17:18.434000+00:00,37.586675404086016,1.0975196814825896
2024-11-12 22:17:35.634001+00:00,32.65070608106432,2.2537530411432796
2024-11-12 22:17:45.984000+00:00,27.896062374199825,10.699462798767044
2024-11-12 22:17:56.234000+00:00,34.04091164724324,2.941102722712197
2024-11-12 22:18:14.334000+00:00,26.542466107538946,2.2785595505634695
2024-11-12 22:18:25.184000+00:00,28.98938465117956,1.7779172944523098
2024-11-12 22:18:36.284000+00:00,24.55471277236102,2.5442056916645446
2024-11-12 22:18:55.884000+00:00,18.789392662051412,1.3728371381761888
2024-11-12 22:19:15.884000+00:00,18.783911514285297,1.3318760097029
2024-11-12 22:19:35.884000+00:00,16.782619094851377,1.8382986903193617
2024-11-12 22:19:55.884000+00:00,15.183286046977011,0.5821159690616674
2024-11-12 22:20:15.884000+00:00,14.381705856325592,2.1226692080501213
2024-11-12 22:20:35.884000+00:00,14.382185459132415,2.2613567054264547
2024-11-12 22:20:55.884000+00:00,11.374204659463834,0.3945426285267521
2024-11-12 22:21:15.884000+00:00,11.98932704925733,0.9466426998378393
2024-11-12 22:21:35.884000+00:00,11.984241485597662,1.4217690467836797
2024-11-12 22:21:55.884000+00:00,10.385623455044323,2.530285394190942
2024-11-12 22:22:15.884000+00:00,8.785545349122529,1.4901780128481439
2024-11-12 22:22:35.884000+00:00,10.384334301945264,1.5879258036608443
2024-11-12 22:22:55.884000+00:00,9.782312297822644,2.072094130516391
2024-11-12 22:23:15.884000+00:00,7.394022083283679,1.914021074772194
2024-11-12 22:23:35.884000+00:00,9.789806556698565,1.2522796571250772
2024-11-12 22:23:55.884000+00:00,11.186458015443723,0.8180696904660608
2024-11-12 22:24:15.884000+00:00,11.98017609119611,0.7206444084645496
2024-11-12 22:24:35.884000+00:00,13.587370872493262,1.2834927678104158
2024-11-12 22:24:55.884000+00:00,11.98875286579328,0.26851481795315363
2024-11-12 22:25:15.884000+00:00,10.387303352357655,1.9008026123049981
2024-11-12 22:25:35.884000+00:00,9.794934749600175,0.9198851466175983
2024-11-12 22:25:55.884000+00:00,11.181809258462826,1.623793172836569
2024-11-12 22:26:15.884000+00:00,7.9877619028104485,1.5482470154764798
2024-11-12 22:26:35.884000+00:00,10.385623455044323,1.337340009212071
2024-11-12 22:26:55.884000+00:00,8.972812366487062,1.3213822603227867
2024-11-12 22:27:15.884000+00:00,9.58951971531071,0.0
2024-11-12 22:27:35.884000+00:00,3.9769708633410277,0.621686559915346
2024-11-12 22:27:55.884000+00:00,4.2251219034201855,1.0316722393037574
2024-11-12 22:28:15.884000+00:00,5.581720757485348,0.643344008922682
2024-11-12 22:28:35.884000+00:00,4.226856660841559,1.7956882894033477
2024-11-12 22:28:55.884000+00:00,4.984300088883261,1.8457846045497095
2024-11-12 22:29:15.884000+00:00,4.817652320862604,1.2441463708879597
2024-11-12 22:29:35.884000+00:00,1.7853396415704803,1.7725530266756175
2024-11-12 22:29:55.884000+00:00,1.783335399627977,1.47288368344331
2024-11-12 22:30:15.884000+00:00,3.3916214704519088,0.9358242273332218
2024-11-12 22:30:35.884000+00:00,2.9780273199072003,2.534076452254448
2024-11-12 22:30:55.884000+00:00,2.194943404198052,0.5763816177845943
2024-11-12 22:31:15.884000+00:00,6.387364435196966,1.6910565137865923
2024-11-12 22:31:35.884000+00:00,3.392722535132289,0.46262030601486837
2024-11-12 22:31:55.884000+00:00,2.3872419476512996,1.561733275652187
2024-11-12 22:32:15.884000+00:00,2.595345211029477,0.69608067274105
2024-11-12 22:32:35.884000+00:00,2.615243721007474,1.1131194770332633
2024-11-12 22:32:55.884000+00:00,1.9860814571383865,1.744465458393382
2024-11-12 22:33:15.884000+00:00,6.591418933869486,1.8401409089568284
2024-11-12 22:33:35.884000+00:00,7.987761902806618,1.0593909144398201
2024-11-12 22:33:55.884000+00:00,7.180030465127211,2.5124427199367814
2024-11-12 22:34:15.884000+00:00,7.979493808743815,1.1990693807598138
2024-11-12 22:34:35.884000+00:00,2.1849170446399446,1.3791564226152766
2024-11-12 22:34:55.884000+00:00,4.187057685852735,1.4932071566584166
2024-11-12 22:35:15.884000+00:00,2.619915509224366,1.977804780006732
2024-11-12 22:35:35.884000+00:00,3.183440923689789,0.46946735382065236
2024-11-12 22:35:55.884000+00:00,3.42251865863856,1.0283749997617495
2024-11-12 22:36:15.884000+00:00,0.9827364921566717,0.5857488393781717
2024-11-12 22:36:35.884000+00:00,4.185069203377454,1.4945506215097963
2024-11-12 22:36:55.884000+00:00,4.7842458009727675,0.5007026076317652
2024-11-12 22:37:15.884000+00:00,5.788815689085084,0.6235944271085675
2024-11-12 22:37:35.884000+00:00,9.577892017366068,1.4333112478258567
2024-11-12 22:37:55.884000+00:00,11.972173595430423,1.3471093714239415
2024-11-12 22:38:15.884000+00:00,11.97929015159228,0.9106090724465352
2024-11-12 22:38:35.884000+00:00,11.971907997133304,0.8541226029397453
2024-11-12 22:38:55.884000+00:00,8.97787284851221,1.7348216295245145
2024-11-12 22:39:15.884000+00:00,8.19427728652695,1.470759767293465
2024-11-12 22:39:35.884000+00:00,15.171392250063514,1.7883421421053949
2024-11-12 22:39:55.884000+00:00,11.18327541351501,1.7566774725916872
2024-11-12 22:40:15.884000+00:00,11.982164573665646,0.21723142862313077
2024-11-12 22:40:35.884000+00:00,11.980484867097905,0.6046105861664807
2024-11-12 22:40:55.884000+00:00,11.975930595399907,1.0890963912011973
2024-11-12 22:41:15.884000+00:00,10.594089794155586,1.0036122918125794
2024-11-12 22:41:35.884000+00:00,9.584700202943461,1.0877471089364876
2024-11-12 22:41:55.884000+00:00,10.378726673127916,1.92705448865922
2024-11-12 22:42:15.884000+00:00,10.379206109043654,1.9144252896302845
2024-11-12 22:42:35.884000+00:00,7.395393300057666,0.0648328423500167
2024-11-12 22:42:55.884000+00:00,5.586849045754392,2.597538852692075
2024-11-12 22:43:15.884000+00:00,8.173657703397074,0.807215356826527
2024-11-12 22:43:35.884000+00:00,7.390573787690417,2.172415727377293
2024-11-12 22:43:55.884000+00:00,10.37606630325487,1.6229541897776394
2024-11-12 22:44:15.884000+00:00,7.981439256665567,1.6836520493025224
2024-11-12 22:44:35.884000+00:00,8.976260852815187,1.4344025373461207
2024-11-12 22:44:55.884000+00:00,7.182284402848464,3.1244958043103557
2024-11-12 22:45:15.884000+00:00,5.7922640800457765,2.445140266417684
2024-11-12 22:45:35.884000+00:00,5.781012845040313,1.477364051342252
2024-11-12 22:45:55.884000+00:00,5.795403885842317,1.984082210064259
2024-11-12 22:46:15.884000+00:00,3.3892742395390285,2.381154227256022
2024-11-12 22:46:35.884000+00:00,9.571517562867776,1.4806491076948678
2024-11-12 22:46:55.884000+00:00,5.779176616669646,2.193465626240135
2024-11-12 22:47:15.884000+00:00,6.386003899572262,0.5899310708044094
2024-11-12 22:47:35.884000+00:00,7.178836107255202,2.190875768661857
2024-11-12 22:47:55.884000+00:00,8.177105998994255,1.5311872720720887
2024-11-12 22:48:15.884000+00:00,7.397470378873393,0.684570479392789
2024-11-12 22:48:35.884000+00:00,7.982942199708336,1.9288008570674233
2024-11-12 22:48:55.884000+00:00,11.174830150606073,0.6519740283490293
2024-11-12 22:49:15.884000+00:00,11.98127260207751,1.536897748708239
2024-11-12 22:49:35.884000+00:00,7.3774863243115085,1.0533779740335278
2024-11-12 22:49:55.884000+00:00,8.992331600186366,2.3909831881515573
2024-11-12 22:50:15.884000+00:00,7.3871252059948596,1.5590172767641708
2024-11-12 22:50:35.884000+00:00,10.574570560457051,3.173857247829956
2024-11-12 22:50:55.884000+00:00,8.782097053529267,0.8682491362096298
2024-11-12 22:51:15.884000+00:00,9.584700202938864,1.6253156363958943
2024-11-12 22:51:35.884000+00:00,11.178669452669062,2.345582240820314
2024-11-12 22:51:55.884000+00:00,4.991032242773385,2.752831900118911
2024-11-12 22:52:15.884000+00:00,8.77864847183371,1.121352863311951
2024-11-12 22:52:35.884000+00:00,10.380229568483141,2.4994116306309015
2024-11-12 22:52:55.884000+00:00,15.982092666620924,3.0485721945752995
2024-11-12 22:53:15.884000+00:00,10.576182365419209,1.2670139312746211
2024-11-12 22:53:35.884000+00:00,6.575347995759131,1.6190743684771323
2024-11-12 22:53:55.534000+00:00,22.91708022201489,2.7684947709343897
2024-11-12 22:54:11.284000+00:00,65.84267725707731,10.564232038666244
2024-11-12 22:54:21.584000+00:00,118.09447878883637,19.032278401512087
2024-11-12 22:54:29.884000+00:00,128.0384333541191,15.75974662800108
2024-11-12 22:54:38.484000+00:00,118.47289445663299,6.839482598833499
2024-11-12 22:54:47.734000+00:00,104.58322786030143,7.984822189337424
2024-11-12 22:54:56.484000+00:00,135.50629520424974,11.418266840286444
2024-11-12 22:55:01.984000+00:00,155.1252937316652,17.945643583930707
2024-11-12 22:55:07.434000+00:00,130.75661043580072,18.448985034155477
2024-11-12 22:55:15.884000+00:00,109.60657077363739,8.465166797239252
2024-11-12 22:55:21.884000+00:00,103.81711769102381,6.422390170394371
2024-11-12 22:55:28.134000+00:00,107.94315538908432,8.564399342787995
2024-11-12 22:55:38.984000+00:00,71.08774122642184,5.089871394827911
2024-11-12 22:55:51.684000+00:00,65.56860085693839,3.990530017201481
2024-11-12 22:56:05.684000+00:00,47.71122159184635,2.8918057196849096
2024-11-12 22:56:21.984000+00:00,33.527936185333246,2.366764034782152
2024-11-12 22:56:40.884000+00:00,21.581828212741563,2.0404514670375344
2024-11-12 22:57:00.884000+00:00,12.78339614868373,2.8577280819420716
2024-11-12 22:57:20.884000+00:00,8.173657703397074,0.8178402483460702
2024-11-12 22:57:40.884000+00:00,7.981918764115684,1.372442746162639
2024-11-12 22:58:00.884000+00:00,4.37669763565135,1.687145227194108
2024-11-12 22:58:20.884000+00:00,3.4173904657353087,0.6588955760000053
2024-11-12 22:58:40.884000+00:00,3.5799774646764884,3.883779740334192
2024-11-12 22:59:00.884000+00:00,5.173378610611808,2.167918980121967
2024-11-12 22:59:20.884000+00:00,0.7839009046552087,2.6422719120970957
2024-11-12 22:59:40.884000+00:00,3.1784749746327825,2.330571180582427
2024-11-12 23:00:00.884000+00:00,0.9611965894700667,1.3471375703813846
2024-11-12 23:00:20.884000+00:00,0.6199528932569451,2.195409047602913
2024-11-12 23:00:40.884000+00:00,4.173970222473827,2.3867646873001185
2024-11-12 23:01:00.884000+00:00,2.1849170446399446,2.205107265711191
2024-11-12 23:01:20.884000+00:00,2.815480613707606,2.8260668307533865
2024-11-12 23:01:40.884000+00:00,1.5605627298357654,2.437815630436342
2024-11-12 23:02:00.884000+00:00,2.784283185005643,4.113988751173692
2024-11-12 23:02:20.884000+00:00,1.2283922433849266,3.704635322092792
2024-11-12 23:02:40.884000+00:00,5.173378610611808,0.835227239132064
2024-11-12 23:03:00.884000+00:00,3.3878654122358136,3.6816430330282506
2024-11-12 23:03:20.884000+00:00,4.191877388952837,1.3535301923747551
2024-11-12 23:03:40.884000+00:00,2.7532504081730576,0.6958326101304237
2024-11-12 23:04:00.884000+00:00,5.790224504471771,0.8771749973298553
2024-11-12 23:04:20.884000+00:00,6.576959991452998,0.5660096287725567
2024-11-12 23:04:40.884000+00:00,6.576719403267981,1.2711838364603212
2024-11-12 23:05:00.884000+00:00,4.784245800972767,1.8066500782969566
2024-11-12 23:05:20.884000+00:00,5.966356801984808,1.167167419194806
2024-11-12 23:05:40.884000+00:00,5.9759818553934325,1.709920191765111
2024-11-12 23:06:00.884000+00:00,8.576288008691282,2.2995974063877047
2024-11-12 23:06:20.884000+00:00,2.3937789916984618,2.796603715418885
2024-11-12 23:06:40.884000+00:00,0.9604013562204023,1.2779470920564833
2024-11-12 23:07:00.884000+00:00,3.3590567588811644,1.9684371411803605
2024-11-12 23:07:20.884000+00:00,0.1982511162757247,2.737084233759968
2024-11-12 23:07:40.884000+00:00,0.6199528932572423,1.2488604962827816
2024-11-12 23:08:00.884000+00:00,2.814079308508937,1.9063340544694596
2024-11-12 23:08:20.884000+00:00,0.7839009046555845,2.370023059845358
2024-11-12 23:08:40.884000+00:00,0.8072749376298316,2.1759558379653674
2024-11-12 23:09:00.884000+00:00,1.4225560426714363,1.9149366497996598
2024-11-12 23:09:20.884000+00:00,0.619952893256945,1.8573865294450609
2024-11-12 23:09:40.884000+00:00,0.8081928730012307,0.3844274193049105
2024-11-12 23:10:00.884000+00:00,1.7957738876337095,1.933321690558776
2024-11-12 23:10:20.884000+00:00,0.19883558750155836,0.6491162657738792
2024-11-12 23:10:40.884000+00:00,2.011476159096093,1.7393409013751011
2024-11-12 23:11:00.884000+00:00,0.19942007064813028,1.1140352487560565
2024-11-12 23:11:20.884000+00:00,2.4032952308658713,0.4006553053856551
2024-11-12 23:11:40.884000+00:00,0.5616191864014589,0.38635472059256193
2024-11-12 23:12:00.884000+00:00,2.0258671998971254,1.1885689973827418
