T_REC,CRPIX1,CRPIX2,CRVAL1,CRVAL2,CDELT1,CDELT2,CUNIT1,CUNIT2,CTYPE1,CTYPE2,DATE-OBS,TIMESYS,TELESCOP,INSTRUME,BUNIT,RSUN_OBS,DSUN_OBS,CRLN_OBS,CRLT_OBS,CAR_ROT,CROTA2
2024.11.01_00:00:00_TAI,2040.488037,2049.151367,0.0,0.0,0.504033,0.504033,arcsec,arcsec,HPLN-TAN,HPLT-TAN,2024-10-31T23:58:56.80Z,Invalid KeyLink,SDO/HMI,HMI_FRONT2,Gauss,966.897339,148475775548.01,160.555481,4.362018,2290,179.92981
2024.11.01_00:00:45_TAI,2040.484497,2049.151367,0.0,0.0,0.504033,0.504033,arcsec,arcsec,HPLN-TAN,HPLT-TAN,2024-10-31T23:59:41.80Z,Invalid KeyLink,SDO/HMI,HMI_FRONT2,Gauss,966.896851,148475853063.88,160.548599,4.361932,2290,179.929688
2024.11.01_00:01:30_TAI,2040.475464,2049.149414,0.0,0.0,0.504034,0.504034,arcsec,arcsec,HPLN-TAN,HPLT-TAN,2024-11-01T00:00:26.80Z,Invalid KeyLink,SDO/HMI,HMI_FRONT2,Gauss,966.896301,148475930686.43,160.541718,4.361846,2290,179.929642
2024.11.01_00:02:15_TAI,2040.470947,2049.141357,0.0,0.0,0.504034,0.504034,arcsec,arcsec,HPLN-TAN,HPLT-TAN,2024-11-01T00:01:11.80Z,Invalid KeyLink,SDO/HMI,HMI_FRONT2,Gauss,966.895813,148476008414.6,160.534821,4.36176,2290,179.929794
2024.11.01_00:03:00_TAI,2040.466187,2049.12085,0.0,0.0,0.504033,0.504033,arcsec,arcsec,HPLN-TAN,HPLT-TAN,2024-11-01T00:01:56.80Z,Invalid KeyLink,SDO/HMI,HMI_FRONT2,Gauss,966.895325,148476086247.5,160.527939,4.361674,2290,179.929733
2024.11.01_00:03:45_TAI,2040.458618,2049.116455,0.0,0.0,0.504033,0.504033,arcsec,arcsec,HPLN-TAN,HPLT-TAN,2024-11-01T00:02:41.80Z,Invalid KeyLink,SDO/HMI,HMI_FRONT2,Gauss,966.894775,148476164184.08,160.521057,4.361588,2290,179.929794
2024.11.01_00:04:30_TAI,2040.450195,2049.106934,0.0,0.0,0.504033,0.504033,arcsec,arcsec,HPLN-TAN,HPLT-TAN,2024-11-01T00:03:26.80Z,Invalid KeyLink,SDO/HMI,HMI_FRONT2,Gauss,966.894287,148476242223.14,160.514175,4.361503,2290,179.929825
2024.11.01_00:05:15_TAI,2040.442993,2049.105469,0.0,0.0,0.504033,0.504033,arcsec,arcsec,HPLN-TAN,HPLT-TAN,2024-11-01T00:04:11.80Z,Invalid KeyLink,SDO/HMI,HMI_FRONT2,Gauss,966.893799,148476320363.65,160.507294,4.361417,2290,179.929794
2024.11.01_00:06:00_TAI,2040.442993,2049.102783,0.0,0.0,0.504034,0.504034,arcsec,arcsec,HPLN-TAN,HPLT-TAN,2024-11-01T00:04:56.80Z,Invalid KeyLink,SDO/HMI,HMI_FRONT2,Gauss,966.89325,148476398604.68,160.500397,4.361331,2290,179.929901
2024.11.01_00:06:45_TAI,2040.450195,2049.077637,0.0,0.0,0.504033,0.504033,arcsec,arcsec,HPLN-TAN,HPLT-TAN,2024-11-01T00:05:41.80Z,Invalid KeyLink,SDO/HMI,HMI_FRONT2,Gauss,966.892761,148476476945.18,160.493515,4.361245,2290,179.929581
2024.11.01_00:07:30_TAI,2040.460815,2049.065918,0.0,0.0,0.504033,0.504033,arcsec,arcsec,HPLN-TAN,HPLT-TAN,2024-11-01T00:06:26.80Z,Invalid KeyLink,SDO/HMI,HMI_FRONT2,Gauss,966.892273,148476555383.96,160.486633,4.361159,2290,179.929657
2024.11.01_00:08:15_TAI,2040.508057,2049.065918,0.0,0.0,0.504033,0.504033,arcsec,arcsec,HPLN-TAN,HPLT-TAN,2024-11-01T00:07:11.80Z,Invalid KeyLink,SDO/HMI,HMI_FRONT2,Gauss,966.891724,148476633919.98,160.479752,4.361073,2290,179.929779
2024.11.01_00:09:00_TAI,2040.514893,2049.065918,0.0,0.0,0.504033,0.504033,arcsec,arcsec,HPLN-TAN,HPLT-TAN,2024-11-01T00:07:56.80Z,Invalid KeyLink,SDO/HMI,HMI_FRONT2,Gauss,966.891235,148476712552.3,160.47287,4.360987,2290,179.929794
2024.11.01_00:09:45_TAI,2040.514893,2049.083984,0.0,0.0,0.504033,0.504033,arcsec,arcsec,HPLN-TAN,HPLT-TAN,2024-11-01T00:08:41.80Z,Invalid KeyLink,SDO/HMI,HMI_FRONT2,Gauss,966.890686,148476791279.88,160.465988,4.3609,2290,179.929932
2024.11.01_00:10:30_TAI,2040.514038,2049.12207,0.0,0.0,0.504033,0.504033,arcsec,arcsec,HPLN-TAN,HPLT-TAN,2024-11-01T00:09:26.80Z,Invalid KeyLink,SDO/HMI,HMI_FRONT2,Gauss,966.890198,148476870101.52,160.459091,4.360815,2290,179.929825
2024.11.01_00:11:15_TAI,2040.500122,2049.128418,0.0,0.0,0.504033,0.504033,arcsec,arcsec,HPLN-TAN,HPLT-TAN,2024-11-01T00:10:11.80Z,Invalid KeyLink,SDO/HMI,HMI_FRONT2,Gauss,966.889709,148476949016.16,160.452209,4.360728,2290,179.929871
2024.11.01_00:12:00_TAI,2040.481567,2049.128418,0.0,0.0,0.504034,0.504034,arcsec,arcsec,HPLN-TAN,HPLT-TAN,2024-11-01T00:10:56.80Z,Invalid KeyLink,SDO/HMI,HMI_FRONT2,Gauss,966.88916,148477028022.87,160.445328,4.360642,2290,179.929764
2024.11.01_00:12:45_TAI,2040.473755,2049.117432,0.0,0.0,0.504034,0.504034,arcsec,arcsec,HPLN-TAN,HPLT-TAN,2024-11-01T00:11:41.80Z,Invalid KeyLink,SDO/HMI,HMI_FRONT2,Gauss,966.888672,148477107120.61,160.438446,4.360556,2290,179.929657
2024.11.01_00:13:30_TAI,2040.473755,2049.078369,0.0,0.0,0.504033,0.504033,arcsec,arcsec,HPLN-TAN,HPLT-TAN,2024-11-01T00:12:26.80Z,Invalid KeyLink,SDO/HMI,HMI_FRONT2,Gauss,966.888123,148477186308.17,160.431564,4.360469,2290,179.929657
2024.11.01_00:14:15_TAI,2040.479004,2049.078369,0.0,0.0,0.504033,0.504033,arcsec,arcsec,HPLN-TAN,HPLT-TAN,2024-11-01T00:13:11.80Z,Invalid KeyLink,SDO/HMI,HMI_FRONT2,Gauss,966.887634,148477265584.48,160.424683,4.360383,2290,179.929794
2024.11.01_00:15:00_TAI,2040.498779,2049.078369,0.0,0.0,0.504033,0.504033,arcsec,arcsec,HPLN-TAN,HPLT-TAN,2024-11-01T00:13:56.80Z,Invalid KeyLink,SDO/HMI,HMI_FRONT2,Gauss,966.887085,148477344948.64,160.417801,4.360296,2290,179.929703
2024.11.01_00:15:45_TAI,2040.508301,2049.087402,0.0,0.0,0.504033,0.504033,arcsec,arcsec,HPLN-TAN,HPLT-TAN,2024-11-01T00:14:41.80Z,Invalid KeyLink,SDO/HMI,HMI_FRONT2,Gauss,966.886597,148477424399.55,160.410919,4.36021,2290,179.929825
2024.11.01_00:16:30_TAI,2040.52063,2049.111328,0.0,0.0,0.504033,0.504033,arcsec,arcsec,HPLN-TAN,HPLT-TAN,2024-11-01T00:15:26.80Z,Invalid KeyLink,SDO/HMI,HMI_FRONT2,Gauss,966.886047,148477503936.03,160.404037,4.360123,2290,179.929825
2024.11.01_00:17:15_TAI,2040.528564,2049.128906,0.0,0.0,0.504034,0.504034,arcsec,arcsec,HPLN-TAN,HPLT-TAN,2024-11-01T00:16:11.80Z,Invalid KeyLink,SDO/HMI,HMI_FRONT2,Gauss,966.885559,148477583557.01,160.397156,4.360037,2290,179.929718
2024.11.01_00:18:00_TAI,2040.540649,2049.13208,0.0,0.0,0.504034,0.504034,arcsec,arcsec,HPLN-TAN,HPLT-TAN,2024-11-01T00:16:56.80Z,Invalid KeyLink,SDO/HMI,HMI_FRONT2,Gauss,966.88501,148477663261.57,160.390274,4.35995,2290,179.929855
2024.11.01_00:18:45_TAI,2040.548706,2049.13916,0.0,0.0,0.504033,0.504033,arcsec,arcsec,HPLN-TAN,HPLT-TAN,2024-11-01T00:17:41.80Z,Invalid KeyLink,SDO/HMI,HMI_FRONT2,Gauss,966.884521,148477743048.62,160.383392,4.359864,2290,179.929672
2024.11.01_00:19:30_TAI,2040.552612,2049.13916,0.0,0.0,0.504033,0.504033,arcsec,arcsec,HPLN-TAN,HPLT-TAN,2024-11-01T00:18:26.80Z,Invalid KeyLink,SDO/HMI,HMI_FRONT2,Gauss,966.883972,148477822916.98,160.376511,4.359777,2290,179.929657
2024.11.01_00:20:15_TAI,2040.565186,2049.136963,0.0,0.0,0.504033,0.504033,arcsec,arcsec,HPLN-TAN,HPLT-TAN,2024-11-01T00:19:11.80Z,Invalid KeyLink,SDO/HMI,HMI_FRONT2,Gauss,966.883484,148477902865.55,160.369629,4.35969,2290,179.929825
2024.11.01_00:21:00_TAI,2040.57605,2049.132812,0.0,0.0,0.504034,0.504034,arcsec,arcsec,HPLN-TAN,HPLT-TAN,2024-11-01T00:19:56.80Z,Invalid KeyLink,SDO/HMI,HMI_FRONT2,Gauss,966.882935,148477982893.43,160.362747,4.359603,2290,179.929764
2024.11.01_00:21:45_TAI,2040.587646,2049.13208,0.0,0.0,0.504033,0.504033,arcsec,arcsec,HPLN-TAN,HPLT-TAN,2024-11-01T00:20:41.80Z,Invalid KeyLink,SDO/HMI,HMI_FRONT2,Gauss,966.882446,148478062999.52,160.355865,4.359517,2290,179.929855
2024.11.01_00:22:30_TAI,2040.595337,2049.129395,0.0,0.0,0.504033,0.504033,arcsec,arcsec,HPLN-TAN,HPLT-TAN,2024-11-01T00:21:26.80Z,Invalid KeyLink,SDO/HMI,HMI_FRONT2,Gauss,966.881897,148478143182.64,160.348984,4.35943,2290,179.929855
2024.11.01_00:23:15_TAI,2040.592651,2049.129395,0.0,0.0,0.504033,0.504033,arcsec,arcsec,HPLN-TAN,HPLT-TAN,2024-11-01T00:22:11.80Z,Invalid KeyLink,SDO/HMI,HMI_FRONT2,Gauss,966.881409,148478223441.69,160.342102,4.359343,2290,179.92984
2024.11.01_00:24:00_TAI,2040.592529,2049.136963,0.0,0.0,0.504033,0.504033,arcsec,arcsec,HPLN-TAN,HPLT-TAN,2024-11-01T00:22:56.80Z,Invalid KeyLink,SDO/HMI,HMI_FRONT2,Gauss,966.880859,148478303775.74,160.33522,4.359256,2290,179.92984
2024.11.01_00:24:45_TAI,2040.585205,2049.142578,0.0,0.0,0.504033,0.504033,arcsec,arcsec,HPLN-TAN,HPLT-TAN,2024-11-01T00:23:41.80Z,Invalid KeyLink,SDO/HMI,HMI_FRONT2,Gauss,966.880371,148478384183.73,160.328339,4.359169,2290,179.929642
2024.11.01_00:25:30_TAI,2040.557251,2049.132324,0.0,0.0,0.504033,0.504033,arcsec,arcsec,HPLN-TAN,HPLT-TAN,2024-11-01T00:24:26.80Z,Invalid KeyLink,SDO/HMI,HMI_FRONT2,Gauss,966.879822,148478464664.44,160.321457,4.359083,2290,179.929718
2024.11.01_00:26:15_TAI,2040.548706,2049.132324,0.0,0.0,0.504034,0.504034,arcsec,arcsec,HPLN-TAN,HPLT-TAN,2024-11-01T00:25:11.80Z,Invalid KeyLink,SDO/HMI,HMI_FRONT2,Gauss,966.879272,148478545216.78,160.314575,4.358995,2290,179.929733
2024.11.01_00:27:00_TAI,2040.541992,2049.139648,0.0,0.0,0.504034,0.504034,arcsec,arcsec,HPLN-TAN,HPLT-TAN,2024-11-01T00:25:56.80Z,Invalid KeyLink,SDO/HMI,HMI_FRONT2,Gauss,966.878784,148478625839.84,160.307693,4.358909,2290,179.92981
2024.11.01_00:27:45_TAI,2040.53479,2049.124268,0.0,0.0,0.504034,0.504034,arcsec,arcsec,HPLN-TAN,HPLT-TAN,2024-11-01T00:26:41.80Z,Invalid KeyLink,SDO/HMI,HMI_FRONT2,Gauss,966.878235,148478706532.51,160.300827,4.358821,2290,179.929825
2024.11.01_00:28:30_TAI,2040.532227,2049.124268,0.0,0.0,0.504033,0.504033,arcsec,arcsec,HPLN-TAN,HPLT-TAN,2024-11-01T00:27:26.80Z,Invalid KeyLink,SDO/HMI,HMI_FRONT2,Gauss,966.877747,148478787293.6,160.293945,4.358735,2290,179.929825
2024.11.01_00:29:15_TAI,2040.527466,2049.124268,0.0,0.0,0.504033,0.504033,arcsec,arcsec,HPLN-TAN,HPLT-TAN,2024-11-01T00:28:11.80Z,Invalid KeyLink,SDO/HMI,HMI_FRONT2,Gauss,966.877197,148478868122.01,160.287064,4.358647,2290,179.929855
2024.11.01_00:30:00_TAI,2040.528931,2049.14209,0.0,0.0,0.504033,0.504033,arcsec,arcsec,HPLN-TAN,HPLT-TAN,2024-11-01T00:28:56.80Z,Invalid KeyLink,SDO/HMI,HMI_FRONT2,Gauss,966.876648,148478949016.82,160.280182,4.358561,2290,179.929794
2024.11.01_00:30:45_TAI,2040.526978,2049.166992,0.0,0.0,0.504033,0.504033,arcsec,arcsec,HPLN-TAN,HPLT-TAN,2024-11-01T00:29:41.80Z,Invalid KeyLink,SDO/HMI,HMI_FRONT2,Gauss,966.87616,148479029976.93,160.2733,4.358473,2290,179.929611
2024.11.01_00:31:30_TAI,2040.52417,2049.173828,0.0,0.0,0.504034,0.504034,arcsec,arcsec,HPLN-TAN,HPLT-TAN,2024-11-01T00:30:26.80Z,Invalid KeyLink,SDO/HMI,HMI_FRONT2,Gauss,966.87561,148479111001.13,160.266418,4.358386,2290,179.929657
2024.11.01_00:32:15_TAI,2040.517212,2049.175049,0.0,0.0,0.504034,0.504034,arcsec,arcsec,HPLN-TAN,HPLT-TAN,2024-11-01T00:31:11.80Z,Invalid KeyLink,SDO/HMI,HMI_FRONT2,Gauss,966.875061,148479192088.34,160.259552,4.358299,2290,179.929794
2024.11.01_00:33:00_TAI,2040.510986,2049.179443,0.0,0.0,0.504034,0.504034,arcsec,arcsec,HPLN-TAN,HPLT-TAN,2024-11-01T00:31:56.80Z,Invalid KeyLink,SDO/HMI,HMI_FRONT2,Gauss,966.874573,148479273237.62,160.25267,4.358212,2290,179.929718
2024.11.01_00:33:45_TAI,2040.490967,2049.186768,0.0,0.0,0.504034,0.504034,arcsec,arcsec,HPLN-TAN,HPLT-TAN,2024-11-01T00:32:41.80Z,Invalid KeyLink,SDO/HMI,HMI_FRONT2,Gauss,966.874023,148479354447.87,160.245789,4.358124,2290,179.929871
2024.11.01_00:34:30_TAI,2040.480103,2049.188965,0.0,0.0,0.504034,0.504034,arcsec,arcsec,HPLN-TAN,HPLT-TAN,2024-11-01T00:33:26.80Z,Invalid KeyLink,SDO/HMI,HMI_FRONT2,Gauss,966.873474,148479435717.89,160.238907,4.358037,2290,179.92981
2024.11.01_00:35:15_TAI,2040.467041,2049.188721,0.0,0.0,0.504033,0.504033,arcsec,arcsec,HPLN-TAN,HPLT-TAN,2024-11-01T00:34:11.80Z,Invalid KeyLink,SDO/HMI,HMI_FRONT2,Gauss,966.872986,148479517046.57,160.23204,4.35795,2290,179.929749
2024.11.01_00:36:00_TAI,2040.466187,2049.181396,0.0,0.0,0.504034,0.504034,arcsec,arcsec,HPLN-TAN,HPLT-TAN,2024-11-01T00:34:56.80Z,Invalid KeyLink,SDO/HMI,HMI_FRONT2,Gauss,966.872437,148479598432.98,160.225159,4.357862,2290,179.929794
2024.11.01_00:36:45_TAI,2040.472046,2049.172119,0.0,0.0,0.504034,0.504034,arcsec,arcsec,HPLN-TAN,HPLT-TAN,2024-11-01T00:35:41.80Z,Invalid KeyLink,SDO/HMI,HMI_FRONT2,Gauss,966.871887,148479679876.04,160.218262,4.357775,2290,179.929718
2024.11.01_00:37:30_TAI,2040.479248,2049.147705,0.0,0.0,0.504034,0.504034,arcsec,arcsec,HPLN-TAN,HPLT-TAN,2024-11-01T00:36:26.80Z,Invalid KeyLink,SDO/HMI,HMI_FRONT2,Gauss,966.871399,148479761374.52,160.211395,4.357688,2290,179.929672
2024.11.01_00:38:15_TAI,2040.477295,2049.119629,0.0,0.0,0.504034,0.504034,arcsec,arcsec,HPLN-TAN,HPLT-TAN,2024-11-01T00:37:11.80Z,Invalid KeyLink,SDO/HMI,HMI_FRONT2,Gauss,966.87085,148479842927.32,160.204514,4.357601,2290,179.929794
2024.11.01_00:39:00_TAI,2040.473633,2049.084229,0.0,0.0,0.504034,0.504034,arcsec,arcsec,HPLN-TAN,HPLT-TAN,2024-11-01T00:37:56.80Z,Invalid KeyLink,SDO/HMI,HMI_FRONT2,Gauss,966.8703,148479924533.5,160.197632,4.357513,2290,179.929779
2024.11.01_00:39:45_TAI,2040.47522,2049.084229,0.0,0.0,0.504033,0.504033,arcsec,arcsec,HPLN-TAN,HPLT-TAN,2024-11-01T00:38:41.80Z,Invalid KeyLink,SDO/HMI,HMI_FRONT2,Gauss,966.869751,148480006191.99,160.19075,4.357426,2290,179.929886
2024.11.01_00:40:30_TAI,2040.472046,2049.084229,0.0,0.0,0.504034,0.504034,arcsec,arcsec,HPLN-TAN,HPLT-TAN,2024-11-01T00:39:26.80Z,Invalid KeyLink,SDO/HMI,HMI_FRONT2,Gauss,966.869263,148480087901.54,160.183884,4.357338,2290,179.929855
2024.11.01_00:41:15_TAI,2040.463379,2049.098389,0.0,0.0,0.504034,0.504034,arcsec,arcsec,HPLN-TAN,HPLT-TAN,2024-11-01T00:40:11.80Z,Invalid KeyLink,SDO/HMI,HMI_FRONT2,Gauss,966.868713,148480169661.06,160.177002,4.357251,2290,179.929733
2024.11.01_00:42:00_TAI,2040.463379,2049.098145,0.0,0.0,0.504034,0.504034,arcsec,arcsec,HPLN-TAN,HPLT-TAN,2024-11-01T00:40:56.80Z,Invalid KeyLink,SDO/HMI,HMI_FRONT2,Gauss,966.868164,148480251469.61,160.17012,4.357163,2290,179.929794
2024.11.01_00:42:45_TAI,2040.473145,2049.079102,0.0,0.0,0.504034,0.504034,arcsec,arcsec,HPLN-TAN,HPLT-TAN,2024-11-01T00:41:41.80Z,Invalid KeyLink,SDO/HMI,HMI_FRONT2,Gauss,966.867676,148480333326.1,160.163254,4.357076,2290,179.929718
2024.11.01_00:43:30_TAI,2040.484131,2049.079102,0.0,0.0,0.504033,0.504033,arcsec,arcsec,HPLN-TAN,HPLT-TAN,2024-11-01T00:42:26.80Z,Invalid KeyLink,SDO/HMI,HMI_FRONT2,Gauss,966.867126,148480415229.3,160.156372,4.356988,2290,179.929611
2024.11.01_00:44:15_TAI,2040.494751,2049.071289,0.0,0.0,0.504033,0.504033,arcsec,arcsec,HPLN-TAN,HPLT-TAN,2024-11-01T00:43:11.80Z,Invalid KeyLink,SDO/HMI,HMI_FRONT2,Gauss,966.866577,148480497178.11,160.14949,4.356901,2290,179.929718
2024.11.01_00:45:00_TAI,2040.51709,2049.071289,0.0,0.0,0.504034,0.504034,arcsec,arcsec,HPLN-TAN,HPLT-TAN,2024-11-01T00:43:56.80Z,Invalid KeyLink,SDO/HMI,HMI_FRONT2,Gauss,966.866028,148480579171.59,160.142624,4.356813,2290,179.929764
2024.11.01_00:45:45_TAI,2040.575562,2049.071289,0.0,0.0,0.504033,0.504033,arcsec,arcsec,HPLN-TAN,HPLT-TAN,2024-11-01T00:44:41.80Z,Invalid KeyLink,SDO/HMI,HMI_FRONT2,Gauss,966.86554,148480661208.65,160.135742,4.356725,2290,179.929855
2024.11.01_00:46:30_TAI,2040.585815,2049.074707,0.0,0.0,0.504033,0.504033,arcsec,arcsec,HPLN-TAN,HPLT-TAN,2024-11-01T00:45:26.80Z,Invalid KeyLink,SDO/HMI,HMI_FRONT2,Gauss,966.86499,148480743288.04,160.128876,4.356638,2290,179.929855
2024.11.01_00:47:15_TAI,2040.585815,2049.084717,0.0,0.0,0.504033,0.504033,arcsec,arcsec,HPLN-TAN,HPLT-TAN,2024-11-01T00:46:11.80Z,Invalid KeyLink,SDO/HMI,HMI_FRONT2,Gauss,966.864441,148480825408.68,160.121994,4.35655,2290,179.929779
2024.11.01_00:48:00_TAI,2040.581299,2049.097168,0.0,0.0,0.504033,0.504033,arcsec,arcsec,HPLN-TAN,HPLT-TAN,2024-11-01T00:46:56.80Z,Invalid KeyLink,SDO/HMI,HMI_FRONT2,Gauss,966.863892,148480907569.61,160.115112,4.356462,2290,179.929749
2024.11.01_00:48:45_TAI,2040.567139,2049.099609,0.0,0.0,0.504033,0.504033,arcsec,arcsec,HPLN-TAN,HPLT-TAN,2024-11-01T00:47:41.80Z,Invalid KeyLink,SDO/HMI,HMI_FRONT2,Gauss,966.863403,148480989769.75,160.108246,4.356375,2290,179.929611
2024.11.01_00:49:30_TAI,2040.537964,2049.097168,0.0,0.0,0.504033,0.504033,arcsec,arcsec,HPLN-TAN,HPLT-TAN,2024-11-01T00:48:26.80Z,Invalid KeyLink,SDO/HMI,HMI_FRONT2,Gauss,966.862854,148481072007.85,160.101364,4.356287,2290,179.929657
2024.11.01_00:50:15_TAI,2040.532959,2049.099609,0.0,0.0,0.504033,0.504033,arcsec,arcsec,HPLN-TAN,HPLT-TAN,2024-11-01T00:49:11.80Z,Invalid KeyLink,SDO/HMI,HMI_FRONT2,Gauss,966.862305,148481154282.82,160.094498,4.356199,2290,179.929703
2024.11.01_00:51:00_TAI,2040.532959,2049.103027,0.0,0.0,0.504033,0.504033,arcsec,arcsec,HPLN-TAN,HPLT-TAN,2024-11-01T00:49:56.80Z,Invalid KeyLink,SDO/HMI,HMI_FRONT2,Gauss,966.861755,148481236593.71,160.087616,4.356112,2290,179.92984
2024.11.01_00:51:45_TAI,2040.537354,2049.11084,0.0,0.0,0.504034,0.504034,arcsec,arcsec,HPLN-TAN,HPLT-TAN,2024-11-01T00:50:41.80Z,Invalid KeyLink,SDO/HMI,HMI_FRONT2,Gauss,966.861206,148481318939.43,160.08075,4.356024,2290,179.92984
2024.11.01_00:52:30_TAI,2040.56189,2049.11084,0.0,0.0,0.504034,0.504034,arcsec,arcsec,HPLN-TAN,HPLT-TAN,2024-11-01T00:51:26.80Z,Invalid KeyLink,SDO/HMI,HMI_FRONT2,Gauss,966.860718,148481401318.73,160.073868,4.355936,2290,179.929901
2024.11.01_00:53:15_TAI,2040.563843,2049.11084,0.0,0.0,0.504033,0.504033,arcsec,arcsec,HPLN-TAN,HPLT-TAN,2024-11-01T00:52:11.80Z,Invalid KeyLink,SDO/HMI,HMI_FRONT2,Gauss,966.860168,148481483730.51,160.067001,4.355848,2290,179.92981
2024.11.01_00:54:00_TAI,2040.563843,2049.107178,0.0,0.0,0.504033,0.504033,arcsec,arcsec,HPLN-TAN,HPLT-TAN,2024-11-01T00:52:56.80Z,Invalid KeyLink,SDO/HMI,HMI_FRONT2,Gauss,966.859619,148481566173.83,160.06012,4.355761,2290,179.92981
2024.11.01_00:54:45_TAI,2040.561035,2049.107178,0.0,0.0,0.504034,0.504034,arcsec,arcsec,HPLN-TAN,HPLT-TAN,2024-11-01T00:53:41.80Z,Invalid KeyLink,SDO/HMI,HMI_FRONT2,Gauss,966.85907,148481648647.59,160.053253,4.355672,2290,179.929642
2024.11.01_00:55:30_TAI,2040.550781,2049.088379,0.0,0.0,0.504034,0.504034,arcsec,arcsec,HPLN-TAN,HPLT-TAN,2024-11-01T00:54:26.80Z,Invalid KeyLink,SDO/HMI,HMI_FRONT2,Gauss,966.858521,148481731150.55,160.046371,4.355585,2290,179.929611
2024.11.01_00:56:15_TAI,2040.533813,2049.088135,0.0,0.0,0.504034,0.504034,arcsec,arcsec,HPLN-TAN,HPLT-TAN,2024-11-01T00:55:11.80Z,Invalid KeyLink,SDO/HMI,HMI_FRONT2,Gauss,966.858032,148481813681.61,160.039505,4.355497,2290,179.929825
2024.11.01_00:57:00_TAI,2040.521362,2049.083008,0.0,0.0,0.504034,0.504034,arcsec,arcsec,HPLN-TAN,HPLT-TAN,2024-11-01T00:55:56.80Z,Invalid KeyLink,SDO/HMI,HMI_FRONT2,Gauss,966.857483,148481896239.82,160.032639,4.355409,2290,179.929749
2024.11.01_00:57:45_TAI,2040.511963,2049.085938,0.0,0.0,0.504034,0.504034,arcsec,arcsec,HPLN-TAN,HPLT-TAN,2024-11-01T00:56:41.80Z,Invalid KeyLink,SDO/HMI,HMI_FRONT2,Gauss,966.856934,148481978824.07,160.025757,4.355321,2290,179.929855
2024.11.01_00:58:30_TAI,2040.504761,2049.084717,0.0,0.0,0.504034,0.504034,arcsec,arcsec,HPLN-TAN,HPLT-TAN,2024-11-01T00:57:26.80Z,Invalid KeyLink,SDO/HMI,HMI_FRONT2,Gauss,966.856384,148482061433.13,160.01889,4.355233,2290,179.929886
2024.11.01_00:59:15_TAI,2040.492554,2049.080322,0.0,0.0,0.504033,0.504033,arcsec,arcsec,HPLN-TAN,HPLT-TAN,2024-11-01T00:58:11.80Z,Invalid KeyLink,SDO/HMI,HMI_FRONT2,Gauss,966.855835,148482144065.9,160.012009,4.355145,2290,179.929718
2024.11.01_01:00:00_TAI,2040.484619,2049.085938,0.0,0.0,0.504034,0.504034,arcsec,arcsec,HPLN-TAN,HPLT-TAN,2024-11-01T00:58:56.80Z,Invalid KeyLink,SDO/HMI,HMI_FRONT2,Gauss,966.855347,148482226721.43,160.005142,4.355057,2290,179.929733
2024.11.01_01:00:45_TAI,2040.484619,2049.087891,0.0,0.0,0.504034,0.504034,arcsec,arcsec,HPLN-TAN,HPLT-TAN,2024-11-01T00:59:41.80Z,Invalid KeyLink,SDO/HMI,HMI_FRONT2,Gauss,966.854797,148482309398.61,159.998276,4.354969,2290,179.929611
2024.11.01_01:01:30_TAI,2040.492554,2049.102295,0.0,0.0,0.504034,0.504034,arcsec,arcsec,HPLN-TAN,HPLT-TAN,2024-11-01T01:00:26.80Z,Invalid KeyLink,SDO/HMI,HMI_FRONT2,Gauss,966.854248,148482392096.2,159.991394,4.354881,2290,179.929626
2024.11.01_01:02:15_TAI,2040.495605,2049.108398,0.0,0.0,0.504034,0.504034,arcsec,arcsec,HPLN-TAN,HPLT-TAN,2024-11-01T01:01:11.80Z,Invalid KeyLink,SDO/HMI,HMI_FRONT2,Gauss,966.853699,148482474813.1,159.984528,4.354793,2290,179.929703
2024.11.01_01:03:00_TAI,2040.532715,2049.110107,0.0,0.0,0.504034,0.504034,arcsec,arcsec,HPLN-TAN,HPLT-TAN,2024-11-01T01:01:56.80Z,Invalid KeyLink,SDO/HMI,HMI_FRONT2,Gauss,966.853149,148482557548.36,159.977661,4.354705,2290,179.929703
2024.11.01_01:03:45_TAI,2040.5448,2049.110107,0.0,0.0,0.504034,0.504034,arcsec,arcsec,HPLN-TAN,HPLT-TAN,2024-11-01T01:02:41.80Z,Invalid KeyLink,SDO/HMI,HMI_FRONT2,Gauss,966.8526,148482640300.87,159.970779,4.354617,2290,179.92981
2024.11.01_01:04:30_TAI,2040.550659,2049.104492,0.0,0.0,0.504034,0.504034,arcsec,arcsec,HPLN-TAN,HPLT-TAN,2024-11-01T01:03:26.80Z,Invalid KeyLink,SDO/HMI,HMI_FRONT2,Gauss,966.852112,148482723069.4,159.963913,4.354529,2290,179.929871
2024.11.01_01:05:15_TAI,2040.555786,2049.098633,0.0,0.0,0.504033,0.504033,arcsec,arcsec,HPLN-TAN,HPLT-TAN,2024-11-01T01:04:11.80Z,Invalid KeyLink,SDO/HMI,HMI_FRONT2,Gauss,966.851562,148482805852.85,159.957047,4.354441,2290,179.92984
2024.11.01_01:06:00_TAI,2040.562256,2049.084717,0.0,0.0,0.504034,0.504034,arcsec,arcsec,HPLN-TAN,HPLT-TAN,2024-11-01T01:04:56.80Z,Invalid KeyLink,SDO/HMI,HMI_FRONT2,Gauss,966.851013,148482888650.25,159.950165,4.354353,2290,179.929733
2024.11.01_01:06:45_TAI,2040.56897,2049.071045,0.0,0.0,0.504034,0.504034,arcsec,arcsec,HPLN-TAN,HPLT-TAN,2024-11-01T01:05:41.80Z,Invalid KeyLink,SDO/HMI,HMI_FRONT2,Gauss,966.850464,148482971460.5,159.943298,4.354265,2290,179.929626
2024.11.01_01:07:30_TAI,2040.578735,2049.053711,0.0,0.0,0.504034,0.504034,arcsec,arcsec,HPLN-TAN,HPLT-TAN,2024-11-01T01:06:26.80Z,Invalid KeyLink,SDO/HMI,HMI_FRONT2,Gauss,966.849915,148483054282.37,159.936432,4.354177,2290,179.929688
2024.11.01_01:08:15_TAI,2040.590942,2049.04248,0.0,0.0,0.504034,0.504034,arcsec,arcsec,HPLN-TAN,HPLT-TAN,2024-11-01T01:07:11.80Z,Invalid KeyLink,SDO/HMI,HMI_FRONT2,Gauss,966.849365,148483137114.75,159.929565,4.354089,2290,179.929855
2024.11.01_01:09:00_TAI,2040.598877,2049.04248,0.0,0.0,0.504034,0.504034,arcsec,arcsec,HPLN-TAN,HPLT-TAN,2024-11-01T01:07:56.80Z,Invalid KeyLink,SDO/HMI,HMI_FRONT2,Gauss,966.848877,148483219956.68,159.922684,4.354001,2290,179.929779
2024.11.01_01:09:45_TAI,2040.60022,2049.04248,0.0,0.0,0.504034,0.504034,arcsec,arcsec,HPLN-TAN,HPLT-TAN,2024-11-01T01:08:41.80Z,Invalid KeyLink,SDO/HMI,HMI_FRONT2,Gauss,966.848328,148483302807.07,159.915817,4.353913,2290,179.92984
2024.11.01_01:10:30_TAI,2040.60022,2049.053467,0.0,0.0,0.504034,0.504034,arcsec,arcsec,HPLN-TAN,HPLT-TAN,2024-11-01T01:09:26.80Z,Invalid KeyLink,SDO/HMI,HMI_FRONT2,Gauss,966.847778,148483385664.66,159.908951,4.353825,2290,179.92981
2024.11.01_01:11:15_TAI,2040.600342,2049.069092,0.0,0.0,0.504034,0.504034,arcsec,arcsec,HPLN-TAN,HPLT-TAN,2024-11-01T01:10:11.80Z,Invalid KeyLink,SDO/HMI,HMI_FRONT2,Gauss,966.847229,148483468528.37,159.902084,4.353737,2290,179.929672
2024.11.01_01:12:00_TAI,2040.600342,2049.069092,0.0,0.0,0.504034,0.504034,arcsec,arcsec,HPLN-TAN,HPLT-TAN,2024-11-01T01:10:56.80Z,Invalid KeyLink,SDO/HMI,HMI_FRONT2,Gauss,966.84668,148483551397.22,159.895203,4.353649,2290,179.929779
2024.11.01_01:12:45_TAI,2040.605347,2049.075684,0.0,0.0,0.504034,0.504034,arcsec,arcsec,HPLN-TAN,HPLT-TAN,2024-11-01T01:11:41.80Z,Invalid KeyLink,SDO/HMI,HMI_FRONT2,Gauss,966.84613,148483634270.12,159.888336,4.35356,2290,179.929718
2024.11.01_01:13:30_TAI,2040.63501,2049.084229,0.0,0.0,0.504034,0.504034,arcsec,arcsec,HPLN-TAN,HPLT-TAN,2024-11-01T01:12:26.80Z,Invalid KeyLink,SDO/HMI,HMI_FRONT2,Gauss,966.845642,148483717145.83,159.88147,4.353472,2290,179.929657
2024.11.01_01:14:15_TAI,2040.63916,2049.081543,0.0,0.0,0.504034,0.504034,arcsec,arcsec,HPLN-TAN,HPLT-TAN,2024-11-01T01:13:11.80Z,Invalid KeyLink,SDO/HMI,HMI_FRONT2,Gauss,966.845093,148483800023.24,159.874603,4.353384,2290,179.92981
2024.11.01_01:15:00_TAI,2040.643311,2049.081543,0.0,0.0,0.504034,0.504034,arcsec,arcsec,HPLN-TAN,HPLT-TAN,2024-11-01T01:13:56.80Z,Invalid KeyLink,SDO/HMI,HMI_FRONT2,Gauss,966.844543,148483882901.4,159.867737,4.353296,2290,179.929779
2024.11.01_01:15:45_TAI,2040.649048,2049.090332,0.0,0.0,0.504034,0.504034,arcsec,arcsec,HPLN-TAN,HPLT-TAN,2024-11-01T01:14:41.80Z,Invalid KeyLink,SDO/HMI,HMI_FRONT2,Gauss,966.843994,148483965779.2,159.86087,4.353208,2290,179.929825
2024.11.01_01:16:30_TAI,2040.64856,2049.092773,0.0,0.0,0.504034,0.504034,arcsec,arcsec,HPLN-TAN,HPLT-TAN,2024-11-01T01:15:26.80Z,Invalid KeyLink,SDO/HMI,HMI_FRONT2,Gauss,966.843445,148484048655.41,159.854004,4.35312,2290,179.92984
2024.11.01_01:17:15_TAI,2040.640991,2049.092773,0.0,0.0,0.504034,0.504034,arcsec,arcsec,HPLN-TAN,HPLT-TAN,2024-11-01T01:16:11.80Z,Invalid KeyLink,SDO/HMI,HMI_FRONT2,Gauss,966.842896,148484131528.91,159.847122,4.353032,2290,179.929794
2024.11.01_01:18:00_TAI,2040.633545,2049.095215,0.0,0.0,0.504034,0.504034,arcsec,arcsec,HPLN-TAN,HPLT-TAN,2024-11-01T01:16:56.80Z,Invalid KeyLink,SDO/HMI,HMI_FRONT2,Gauss,966.842407,148484214398.75,159.840256,4.352943,2290,179.929779
2024.11.01_01:18:45_TAI,2040.628052,2049.112061,0.0,0.0,0.504033,0.504033,arcsec,arcsec,HPLN-TAN,HPLT-TAN,2024-11-01T01:17:41.80Z,Invalid KeyLink,SDO/HMI,HMI_FRONT2,Gauss,966.841858,148484297263.83,159.833389,4.352855,2290,179.929596
2024.11.01_01:19:30_TAI,2040.618408,2049.10791,0.0,0.0,0.504033,0.504033,arcsec,arcsec,HPLN-TAN,HPLT-TAN,2024-11-01T01:18:26.80Z,Invalid KeyLink,SDO/HMI,HMI_FRONT2,Gauss,966.841309,148484380122.91,159.826523,4.352767,2290,179.929733
2024.11.01_01:20:15_TAI,2040.606201,2049.10791,0.0,0.0,0.504034,0.504034,arcsec,arcsec,HPLN-TAN,HPLT-TAN,2024-11-01T01:19:11.80Z,Invalid KeyLink,SDO/HMI,HMI_FRONT2,Gauss,966.840759,148484462974.88,159.819656,4.352679,2290,179.929764
2024.11.01_01:21:00_TAI,2040.557617,2049.115967,0.0,0.0,0.504034,0.504034,arcsec,arcsec,HPLN-TAN,HPLT-TAN,2024-11-01T01:19:56.80Z,Invalid KeyLink,SDO/HMI,HMI_FRONT2,Gauss,966.84021,148484545818.79,159.81279,4.352591,2290,179.929688
2024.11.01_01:21:45_TAI,2040.549194,2049.115967,0.0,0.0,0.504034,0.504034,arcsec,arcsec,HPLN-TAN,HPLT-TAN,2024-11-01T01:20:41.80Z,Invalid KeyLink,SDO/HMI,HMI_FRONT2,Gauss,966.839661,148484628653.54,159.805923,4.352502,2290,179.929901
2024.11.01_01:22:30_TAI,2040.546875,2049.115723,0.0,0.0,0.504034,0.504034,arcsec,arcsec,HPLN-TAN,HPLT-TAN,2024-11-01T01:21:26.80Z,Invalid KeyLink,SDO/HMI,HMI_FRONT2,Gauss,966.839111,148484711477.88,159.799057,4.352415,2290,179.929901
2024.11.01_01:23:15_TAI,2040.540405,2049.104736,0.0,0.0,0.504034,0.504034,arcsec,arcsec,HPLN-TAN,HPLT-TAN,2024-11-01T01:22:11.80Z,Invalid KeyLink,SDO/HMI,HMI_FRONT2,Gauss,966.838623,148484794290.71,159.792191,4.352326,2290,179.929718
2024.11.01_01:24:00_TAI,2040.540405,2049.115967,0.0,0.0,0.504034,0.504034,arcsec,arcsec,HPLN-TAN,HPLT-TAN,2024-11-01T01:22:56.80Z,Invalid KeyLink,SDO/HMI,HMI_FRONT2,Gauss,966.838074,148484877091.08,159.785324,4.352238,2290,179.929825
2024.11.01_01:24:45_TAI,2040.547852,2049.115967,0.0,0.0,0.504034,0.504034,arcsec,arcsec,HPLN-TAN,HPLT-TAN,2024-11-01T01:23:41.80Z,Invalid KeyLink,SDO/HMI,HMI_FRONT2,Gauss,966.837524,148484959877.89,159.778458,4.35215,2290,179.929688
2024.11.01_01:25:30_TAI,2040.556274,2049.126221,0.0,0.0,0.504034,0.504034,arcsec,arcsec,HPLN-TAN,HPLT-TAN,2024-11-01T01:24:26.80Z,Invalid KeyLink,SDO/HMI,HMI_FRONT2,Gauss,966.836975,148485042649.88,159.771591,4.352062,2290,179.929626
2024.11.01_01:26:15_TAI,2040.57312,2049.163086,0.0,0.0,0.504034,0.504034,arcsec,arcsec,HPLN-TAN,HPLT-TAN,2024-11-01T01:25:11.80Z,Invalid KeyLink,SDO/HMI,HMI_FRONT2,Gauss,966.836426,148485125405.96,159.764725,4.351974,2290,179.929764
2024.11.01_01:27:00_TAI,2040.572632,2049.179688,0.0,0.0,0.504034,0.504034,arcsec,arcsec,HPLN-TAN,HPLT-TAN,2024-11-01T01:25:56.80Z,Invalid KeyLink,SDO/HMI,HMI_FRONT2,Gauss,966.835876,148485208145.18,159.757858,4.351885,2290,179.929764
2024.11.01_01:27:45_TAI,2040.572632,2049.179688,0.0,0.0,0.504034,0.504034,arcsec,arcsec,HPLN-TAN,HPLT-TAN,2024-11-01T01:26:41.80Z,Invalid KeyLink,SDO/HMI,HMI_FRONT2,Gauss,966.835388,148485290866.44,159.750992,4.351797,2290,179.929901
2024.11.01_01:28:30_TAI,2040.580811,2049.179688,0.0,0.0,0.504034,0.504034,arcsec,arcsec,HPLN-TAN,HPLT-TAN,2024-11-01T01:27:26.80Z,Invalid KeyLink,SDO/HMI,HMI_FRONT2,Gauss,966.834839,148485373568.49,159.744125,4.351709,2290,179.929901
2024.11.01_01:29:15_TAI,2040.584351,2049.168213,0.0,0.0,0.504033,0.504033,arcsec,arcsec,HPLN-TAN,HPLT-TAN,2024-11-01T01:28:11.80Z,Invalid KeyLink,SDO/HMI,HMI_FRONT2,Gauss,966.83429,148485456250.23,159.737259,4.351621,2290,179.929794
2024.11.01_01:30:00_TAI,2040.584351,2049.165039,0.0,0.0,0.504034,0.504034,arcsec,arcsec,HPLN-TAN,HPLT-TAN,2024-11-01T01:28:56.80Z,Invalid KeyLink,SDO/HMI,HMI_FRONT2,Gauss,966.83374,148485538910.71,159.730392,4.351532,2290,179.929718
2024.11.01_01:30:45_TAI,2040.588745,2049.161865,0.0,0.0,0.504034,0.504034,arcsec,arcsec,HPLN-TAN,HPLT-TAN,2024-11-01T01:29:41.80Z,Invalid KeyLink,SDO/HMI,HMI_FRONT2,Gauss,966.833191,148485621548.83,159.723526,4.351444,2290,179.929626
2024.11.01_01:31:30_TAI,2040.596191,2049.162598,0.0,0.0,0.504033,0.504033,arcsec,arcsec,HPLN-TAN,HPLT-TAN,2024-11-01T01:30:26.80Z,Invalid KeyLink,SDO/HMI,HMI_FRONT2,Gauss,966.832703,148485704163.34,159.71666,4.351356,2290,179.929672
2024.11.01_01:32:15_TAI,2040.602905,2049.162598,0.0,0.0,0.504034,0.504034,arcsec,arcsec,HPLN-TAN,HPLT-TAN,2024-11-01T01:31:11.80Z,Invalid KeyLink,SDO/HMI,HMI_FRONT2,Gauss,966.832153,148485786753.16,159.709793,4.351268,2290,179.929733
2024.11.01_01:33:00_TAI,2040.602905,2049.165527,0.0,0.0,0.504034,0.504034,arcsec,arcsec,HPLN-TAN,HPLT-TAN,2024-11-01T01:31:56.80Z,Invalid KeyLink,SDO/HMI,HMI_FRONT2,Gauss,966.831604,148485869317.32,159.702942,4.35118,2290,179.929733
2024.11.01_01:33:45_TAI,2040.593018,2049.169678,0.0,0.0,0.504034,0.504034,arcsec,arcsec,HPLN-TAN,HPLT-TAN,2024-11-01T01:32:41.80Z,Invalid KeyLink,SDO/HMI,HMI_FRONT2,Gauss,966.831055,148485951854.72,159.696075,4.351092,2290,179.929901
2024.11.01_01:34:30_TAI,2040.5802,2049.17334,0.0,0.0,0.504034,0.504034,arcsec,arcsec,HPLN-TAN,HPLT-TAN,2024-11-01T01:33:26.80Z,Invalid KeyLink,SDO/HMI,HMI_FRONT2,Gauss,966.830505,148486034364.14,159.689209,4.351004,2290,179.929855
2024.11.01_01:35:15_TAI,2040.567871,2049.172607,0.0,0.0,0.504033,0.504033,arcsec,arcsec,HPLN-TAN,HPLT-TAN,2024-11-01T01:34:11.80Z,Invalid KeyLink,SDO/HMI,HMI_FRONT2,Gauss,966.830017,148486116844.46,159.682343,4.350915,2290,179.929703
2024.11.01_01:36:00_TAI,2040.567871,2049.163574,0.0,0.0,0.504033,0.504033,arcsec,arcsec,HPLN-TAN,HPLT-TAN,2024-11-01T01:34:56.80Z,Invalid KeyLink,SDO/HMI,HMI_FRONT2,Gauss,966.829468,148486199294.73,159.675476,4.350827,2290,179.929779
2024.11.01_01:36:45_TAI,2040.567871,2049.152344,0.0,0.0,0.504034,0.504034,arcsec,arcsec,HPLN-TAN,HPLT-TAN,2024-11-01T01:35:41.80Z,Invalid KeyLink,SDO/HMI,HMI_FRONT2,Gauss,966.828918,148486281713.87,159.66861,4.350739,2290,179.929611
2024.11.01_01:37:30_TAI,2040.560913,2049.130127,0.0,0.0,0.504034,0.504034,arcsec,arcsec,HPLN-TAN,HPLT-TAN,2024-11-01T01:36:26.80Z,Invalid KeyLink,SDO/HMI,HMI_FRONT2,Gauss,966.828369,148486364100.63,159.661758,4.350651,2290,179.929688
2024.11.01_01:38:15_TAI,2040.560913,2049.125977,0.0,0.0,0.504034,0.504034,arcsec,arcsec,HPLN-TAN,HPLT-TAN,2024-11-01T01:37:11.80Z,Invalid KeyLink,SDO/HMI,HMI_FRONT2,Gauss,966.82782,148486446453.91,159.654892,4.350563,2290,179.929855
2024.11.01_01:39:00_TAI,2040.560913,2049.125977,0.0,0.0,0.504034,0.504034,arcsec,arcsec,HPLN-TAN,HPLT-TAN,2024-11-01T01:37:56.80Z,Invalid KeyLink,SDO/HMI,HMI_FRONT2,Gauss,966.827332,148486528772.76,159.648026,4.350475,2290,179.929749
2024.11.01_01:39:45_TAI,2040.54895,2049.130127,0.0,0.0,0.504033,0.504033,arcsec,arcsec,HPLN-TAN,HPLT-TAN,2024-11-01T01:38:41.80Z,Invalid KeyLink,SDO/HMI,HMI_FRONT2,Gauss,966.826782,148486611056.09,159.641159,4.350387,2290,179.92981
2024.11.01_01:40:30_TAI,2040.517944,2049.142334,0.0,0.0,0.504034,0.504034,arcsec,arcsec,HPLN-TAN,HPLT-TAN,2024-11-01T01:39:26.80Z,Invalid KeyLink,SDO/HMI,HMI_FRONT2,Gauss,966.826233,148486693302.66,159.634293,4.350298,2290,179.929916
2024.11.01_01:41:15_TAI,2040.510132,2049.142334,0.0,0.0,0.504034,0.504034,arcsec,arcsec,HPLN-TAN,HPLT-TAN,2024-11-01T01:40:11.80Z,Invalid KeyLink,SDO/HMI,HMI_FRONT2,Gauss,966.825684,148486775511.37,159.627441,4.35021,2290,179.929749
2024.11.01_01:42:00_TAI,2040.502319,2049.13916,0.0,0.0,0.504034,0.504034,arcsec,arcsec,HPLN-TAN,HPLT-TAN,2024-11-01T01:40:56.80Z,Invalid KeyLink,SDO/HMI,HMI_FRONT2,Gauss,966.825195,148486857681.28,159.620575,4.350122,2290,179.929825
2024.11.01_01:42:45_TAI,2040.498291,2049.14209,0.0,0.0,0.504034,0.504034,arcsec,arcsec,HPLN-TAN,HPLT-TAN,2024-11-01T01:41:41.80Z,Invalid KeyLink,SDO/HMI,HMI_FRONT2,Gauss,966.824646,148486939811.29,159.613708,4.350034,2290,179.929672
2024.11.01_01:43:30_TAI,2040.497192,2049.144531,0.0,0.0,0.504034,0.504034,arcsec,arcsec,HPLN-TAN,HPLT-TAN,2024-11-01T01:42:26.80Z,Invalid KeyLink,SDO/HMI,HMI_FRONT2,Gauss,966.824097,148487021900.16,159.606842,4.349946,2290,179.929657
2024.11.01_01:44:15_TAI,2040.487915,2049.144531,0.0,0.0,0.504034,0.504034,arcsec,arcsec,HPLN-TAN,HPLT-TAN,2024-11-01T01:43:11.80Z,Invalid KeyLink,SDO/HMI,HMI_FRONT2,Gauss,966.823547,148487103946.81,159.599991,4.349858,2290,179.92981
2024.11.01_01:45:00_TAI,2040.479614,2049.13916,0.0,0.0,0.504034,0.504034,arcsec,arcsec,HPLN-TAN,HPLT-TAN,2024-11-01T01:43:56.80Z,Invalid KeyLink,SDO/HMI,HMI_FRONT2,Gauss,966.823059,148487185950.28,159.593124,4.34977,2290,179.929794
2024.11.01_01:45:45_TAI,2040.472046,2049.13916,0.0,0.0,0.504034,0.504034,arcsec,arcsec,HPLN-TAN,HPLT-TAN,2024-11-01T01:44:41.80Z,Invalid KeyLink,SDO/HMI,HMI_FRONT2,Gauss,966.82251,148487267909.48,159.586258,4.349682,2290,179.929825
2024.11.01_01:46:30_TAI,2040.476074,2049.13916,0.0,0.0,0.504034,0.504034,arcsec,arcsec,HPLN-TAN,HPLT-TAN,2024-11-01T01:45:26.80Z,Invalid KeyLink,SDO/HMI,HMI_FRONT2,Gauss,966.82196,148487349823.18,159.579407,4.349594,2290,179.929871
2024.11.01_01:47:15_TAI,2040.483154,2049.137939,0.0,0.0,0.504034,0.504034,arcsec,arcsec,HPLN-TAN,HPLT-TAN,2024-11-01T01:46:11.80Z,Invalid KeyLink,SDO/HMI,HMI_FRONT2,Gauss,966.821411,148487431690.28,159.57254,4.349505,2290,179.929779
2024.11.01_01:48:00_TAI,2040.505737,2049.137939,0.0,0.0,0.504034,0.504034,arcsec,arcsec,HPLN-TAN,HPLT-TAN,2024-11-01T01:46:56.80Z,Invalid KeyLink,SDO/HMI,HMI_FRONT2,Gauss,966.820923,148487513509.85,159.565674,4.349418,2290,179.92981
2024.11.01_01:48:45_TAI,2040.510742,2049.137939,0.0,0.0,0.504034,0.504034,arcsec,arcsec,HPLN-TAN,HPLT-TAN,2024-11-01T01:47:41.80Z,Invalid KeyLink,SDO/HMI,HMI_FRONT2,Gauss,966.820374,148487595280.79,159.558823,4.349329,2290,179.929611
2024.11.01_01:49:30_TAI,2040.516724,2049.144043,0.0,0.0,0.504034,0.504034,arcsec,arcsec,HPLN-TAN,HPLT-TAN,2024-11-01T01:48:26.80Z,Invalid KeyLink,SDO/HMI,HMI_FRONT2,Gauss,966.819824,148487677001.86,159.551956,4.349242,2290,179.929688
2024.11.01_01:50:15_TAI,2040.518677,2049.158203,0.0,0.0,0.504034,0.504034,arcsec,arcsec,HPLN-TAN,HPLT-TAN,2024-11-01T01:49:11.80Z,Invalid KeyLink,SDO/HMI,HMI_FRONT2,Gauss,966.819275,148487758671.99,159.545105,4.349154,2290,179.92981
2024.11.01_01:51:00_TAI,2040.523438,2049.16626,0.0,0.0,0.504034,0.504034,arcsec,arcsec,HPLN-TAN,HPLT-TAN,2024-11-01T01:49:56.80Z,Invalid KeyLink,SDO/HMI,HMI_FRONT2,Gauss,966.818787,148487840290.22,159.538239,4.349065,2290,179.92981
2024.11.01_01:51:45_TAI,2040.527344,2049.179688,0.0,0.0,0.504035,0.504035,arcsec,arcsec,HPLN-TAN,HPLT-TAN,2024-11-01T01:50:41.80Z,Invalid KeyLink,SDO/HMI,HMI_FRONT2,Gauss,966.818237,148487921855.47,159.531372,4.348978,2290,179.929749
2024.11.01_01:52:30_TAI,2040.544067,2049.189697,0.0,0.0,0.504035,0.504035,arcsec,arcsec,HPLN-TAN,HPLT-TAN,2024-11-01T01:51:26.80Z,Invalid KeyLink,SDO/HMI,HMI_FRONT2,Gauss,966.817688,148488003366.5,159.524521,4.34889,2290,179.929855
2024.11.01_01:53:15_TAI,2040.593506,2049.189697,0.0,0.0,0.504034,0.504034,arcsec,arcsec,HPLN-TAN,HPLT-TAN,2024-11-01T01:52:11.80Z,Invalid KeyLink,SDO/HMI,HMI_FRONT2,Gauss,966.8172,148488084822.24,159.517654,4.348802,2290,179.929733
2024.11.01_01:54:00_TAI,2040.60376,2049.184814,0.0,0.0,0.504034,0.504034,arcsec,arcsec,HPLN-TAN,HPLT-TAN,2024-11-01T01:52:56.80Z,Invalid KeyLink,SDO/HMI,HMI_FRONT2,Gauss,966.81665,148488166221.73,159.510803,4.348714,2290,179.929764
2024.11.01_01:54:45_TAI,2040.61084,2049.184814,0.0,0.0,0.504034,0.504034,arcsec,arcsec,HPLN-TAN,HPLT-TAN,2024-11-01T01:53:41.80Z,Invalid KeyLink,SDO/HMI,HMI_FRONT2,Gauss,966.816101,148488247563.9,159.503937,4.348626,2290,179.929657
2024.11.01_01:55:30_TAI,2040.615356,2049.184814,0.0,0.0,0.504034,0.504034,arcsec,arcsec,HPLN-TAN,HPLT-TAN,2024-11-01T01:54:26.80Z,Invalid KeyLink,SDO/HMI,HMI_FRONT2,Gauss,966.815613,148488328847.52,159.497086,4.348538,2290,179.929626
2024.11.01_01:56:15_TAI,2040.618164,2049.18335,0.0,0.0,0.504035,0.504035,arcsec,arcsec,HPLN-TAN,HPLT-TAN,2024-11-01T01:55:11.80Z,Invalid KeyLink,SDO/HMI,HMI_FRONT2,Gauss,966.815063,148488410071.5,159.490219,4.34845,2290,179.929733
2024.11.01_01:57:00_TAI,2040.618164,2049.136719,0.0,0.0,0.504035,0.504035,arcsec,arcsec,HPLN-TAN,HPLT-TAN,2024-11-01T01:55:56.80Z,Invalid KeyLink,SDO/HMI,HMI_FRONT2,Gauss,966.814514,148488491234.9,159.483368,4.348362,2290,179.929703
2024.11.01_01:57:45_TAI,2040.61731,2049.133301,0.0,0.0,0.504034,0.504034,arcsec,arcsec,HPLN-TAN,HPLT-TAN,2024-11-01T01:56:41.80Z,Invalid KeyLink,SDO/HMI,HMI_FRONT2,Gauss,966.814026,148488572336.64,159.476501,4.348274,2290,179.929794
2024.11.01_01:58:30_TAI,2040.614624,2049.130127,0.0,0.0,0.504034,0.504034,arcsec,arcsec,HPLN-TAN,HPLT-TAN,2024-11-01T01:57:26.80Z,Invalid KeyLink,SDO/HMI,HMI_FRONT2,Gauss,966.813477,148488653375.49,159.46965,4.348186,2290,179.929855
2024.11.01_01:59:15_TAI,2040.610474,2049.132324,0.0,0.0,0.504034,0.504034,arcsec,arcsec,HPLN-TAN,HPLT-TAN,2024-11-01T01:58:11.80Z,Invalid KeyLink,SDO/HMI,HMI_FRONT2,Gauss,966.812927,148488734350.38,159.462784,4.348099,2290,179.929794
2024.11.01_02:00:00_TAI,2040.600098,2049.137451,0.0,0.0,0.504034,0.504034,arcsec,arcsec,HPLN-TAN,HPLT-TAN,2024-11-01T01:58:56.80Z,Invalid KeyLink,SDO/HMI,HMI_FRONT2,Gauss,966.812439,148488815260.37,159.455933,4.348011,2290,179.929733
2024.11.01_02:00:45_TAI,2040.600098,2049.139893,0.0,0.0,0.504034,0.504034,arcsec,arcsec,HPLN-TAN,HPLT-TAN,2024-11-01T01:59:41.80Z,Invalid KeyLink,SDO/HMI,HMI_FRONT2,Gauss,966.81189,148488896104.37,159.449066,4.347923,2290,179.929657
2024.11.01_02:01:30_TAI,2040.595703,2049.148438,0.0,0.0,0.504034,0.504034,arcsec,arcsec,HPLN-TAN,HPLT-TAN,2024-11-01T02:00:26.80Z,Invalid KeyLink,SDO/HMI,HMI_FRONT2,Gauss,966.81134,148488976881.17,159.442215,4.347835,2290,179.929657
2024.11.01_02:02:15_TAI,2040.591553,2049.14209,0.0,0.0,0.504034,0.504034,arcsec,arcsec,HPLN-TAN,HPLT-TAN,2024-11-01T02:01:11.80Z,Invalid KeyLink,SDO/HMI,HMI_FRONT2,Gauss,966.810852,148489057589.68,159.435349,4.347747,2290,179.929794
2024.11.01_02:03:00_TAI,2040.590088,2049.149902,0.0,0.0,0.504034,0.504034,arcsec,arcsec,HPLN-TAN,HPLT-TAN,2024-11-01T02:01:56.80Z,Invalid KeyLink,SDO/HMI,HMI_FRONT2,Gauss,966.810303,148489138228.97,159.428497,4.34766,2290,179.929718
2024.11.01_02:03:45_TAI,2040.590088,2049.174072,0.0,0.0,0.504034,0.504034,arcsec,arcsec,HPLN-TAN,HPLT-TAN,2024-11-01T02:02:41.80Z,Invalid KeyLink,SDO/HMI,HMI_FRONT2,Gauss,966.809814,148489218797.97,159.421631,4.347572,2290,179.929871
2024.11.01_02:04:30_TAI,2040.543579,2049.176758,0.0,0.0,0.504034,0.504034,arcsec,arcsec,HPLN-TAN,HPLT-TAN,2024-11-01T02:03:26.80Z,Invalid KeyLink,SDO/HMI,HMI_FRONT2,Gauss,966.809265,148489299295.46,159.41478,4.347484,2290,179.92981
2024.11.01_02:05:15_TAI,2040.518921,2049.171143,0.0,0.0,0.504034,0.504034,arcsec,arcsec,HPLN-TAN,HPLT-TAN,2024-11-01T02:04:11.80Z,Invalid KeyLink,SDO/HMI,HMI_FRONT2,Gauss,966.808716,148489379720.35,159.407928,4.347396,2290,179.929703
2024.11.01_02:06:00_TAI,2040.506226,2049.171143,0.0,0.0,0.504034,0.504034,arcsec,arcsec,HPLN-TAN,HPLT-TAN,2024-11-01T02:04:56.80Z,Invalid KeyLink,SDO/HMI,HMI_FRONT2,Gauss,966.808228,148489460071.73,159.401062,4.347309,2290,179.929779
2024.11.01_02:06:45_TAI,2040.502197,2049.17334,0.0,0.0,0.504034,0.504034,arcsec,arcsec,HPLN-TAN,HPLT-TAN,2024-11-01T02:05:41.80Z,Invalid KeyLink,SDO/HMI,HMI_FRONT2,Gauss,966.807678,148489540348.51,159.394211,4.347221,2290,179.929688
2024.11.01_02:07:30_TAI,2040.502808,2049.174072,0.0,0.0,0.504034,0.504034,arcsec,arcsec,HPLN-TAN,HPLT-TAN,2024-11-01T02:06:26.80Z,Invalid KeyLink,SDO/HMI,HMI_FRONT2,Gauss,966.80719,148489620549.48,159.38736,4.347134,2290,179.929581
2024.11.01_02:08:15_TAI,2040.502197,2049.183838,0.0,0.0,0.504034,0.504034,arcsec,arcsec,HPLN-TAN,HPLT-TAN,2024-11-01T02:07:11.80Z,Invalid KeyLink,SDO/HMI,HMI_FRONT2,Gauss,966.806641,148489700673.56,159.380493,4.347046,2290,179.929794
2024.11.01_02:09:00_TAI,2040.501343,2049.188721,0.0,0.0,0.504034,0.504034,arcsec,arcsec,HPLN-TAN,HPLT-TAN,2024-11-01T02:07:56.80Z,Invalid KeyLink,SDO/HMI,HMI_FRONT2,Gauss,966.806152,148489780719.84,159.373642,4.346959,2290,179.92981
2024.11.01_02:09:45_TAI,2040.503296,2049.190918,0.0,0.0,0.504034,0.504034,arcsec,arcsec,HPLN-TAN,HPLT-TAN,2024-11-01T02:08:41.80Z,Invalid KeyLink,SDO/HMI,HMI_FRONT2,Gauss,966.805603,148489860687.23,159.366791,4.346871,2290,179.929871
2024.11.01_02:10:30_TAI,2040.508301,2049.196777,0.0,0.0,0.504034,0.504034,arcsec,arcsec,HPLN-TAN,HPLT-TAN,2024-11-01T02:09:26.80Z,Invalid KeyLink,SDO/HMI,HMI_FRONT2,Gauss,966.805115,148489940574.52,159.359924,4.346783,2290,179.92984
2024.11.01_02:11:15_TAI,2040.508667,2049.201416,0.0,0.0,0.504034,0.504034,arcsec,arcsec,HPLN-TAN,HPLT-TAN,2024-11-01T02:10:11.80Z,Invalid KeyLink,SDO/HMI,HMI_FRONT2,Gauss,966.804565,148490020380.66,159.353073,4.346696,2290,179.929733
2024.11.01_02:12:00_TAI,2040.503784,2049.199463,0.0,0.0,0.504034,0.504034,arcsec,arcsec,HPLN-TAN,HPLT-TAN,2024-11-01T02:10:56.80Z,Invalid KeyLink,SDO/HMI,HMI_FRONT2,Gauss,966.804077,148490100104.71,159.346222,4.346608,2290,179.929794
2024.11.01_02:12:45_TAI,2040.510254,2049.197021,0.0,0.0,0.504034,0.504034,arcsec,arcsec,HPLN-TAN,HPLT-TAN,2024-11-01T02:11:41.80Z,Invalid KeyLink,SDO/HMI,HMI_FRONT2,Gauss,966.803528,148490179745.6,159.339355,4.346521,2290,179.929718
2024.11.01_02:13:30_TAI,2040.52002,2049.184814,0.0,0.0,0.504034,0.504034,arcsec,arcsec,HPLN-TAN,HPLT-TAN,2024-11-01T02:12:26.80Z,Invalid KeyLink,SDO/HMI,HMI_FRONT2,Gauss,966.80304,148490259302.13,159.332504,4.346433,2290,179.929626
2024.11.01_02:14:15_TAI,2040.529175,2049.192383,0.0,0.0,0.504034,0.504034,arcsec,arcsec,HPLN-TAN,HPLT-TAN,2024-11-01T02:13:11.80Z,Invalid KeyLink,SDO/HMI,HMI_FRONT2,Gauss,966.80249,148490338773.23,159.325653,4.346346,2290,179.929764
2024.11.01_02:15:00_TAI,2040.523071,2049.181641,0.0,0.0,0.504034,0.504034,arcsec,arcsec,HPLN-TAN,HPLT-TAN,2024-11-01T02:13:56.80Z,Invalid KeyLink,SDO/HMI,HMI_FRONT2,Gauss,966.802002,148490418157.97,159.318802,4.346259,2290,179.929749
2024.11.01_02:15:45_TAI,2040.519043,2049.173096,0.0,0.0,0.504034,0.504034,arcsec,arcsec,HPLN-TAN,HPLT-TAN,2024-11-01T02:14:41.80Z,Invalid KeyLink,SDO/HMI,HMI_FRONT2,Gauss,966.801453,148490497455.3,159.311935,4.346171,2290,179.929886
2024.11.01_02:16:30_TAI,2040.508667,2049.176514,0.0,0.0,0.504034,0.504034,arcsec,arcsec,HPLN-TAN,HPLT-TAN,2024-11-01T02:15:26.80Z,Invalid KeyLink,SDO/HMI,HMI_FRONT2,Gauss,966.800964,148490576664.02,159.305084,4.346084,2290,179.929764
2024.11.01_02:17:15_TAI,2040.479248,2049.192383,0.0,0.0,0.504034,0.504034,arcsec,arcsec,HPLN-TAN,HPLT-TAN,2024-11-01T02:16:11.80Z,Invalid KeyLink,SDO/HMI,HMI_FRONT2,Gauss,966.800415,148490655783.05,159.298233,4.345996,2290,179.929779
2024.11.01_02:18:00_TAI,2040.479248,2049.192383,0.0,0.0,0.504034,0.504034,arcsec,arcsec,HPLN-TAN,HPLT-TAN,2024-11-01T02:16:56.80Z,Invalid KeyLink,SDO/HMI,HMI_FRONT2,Gauss,966.799927,148490734811.49,159.291382,4.345909,2290,179.92981
2024.11.01_02:18:45_TAI,2040.479248,2049.166016,0.0,0.0,0.504034,0.504034,arcsec,arcsec,HPLN-TAN,HPLT-TAN,2024-11-01T02:17:41.80Z,Invalid KeyLink,SDO/HMI,HMI_FRONT2,Gauss,966.799377,148490813748.26,159.284531,4.345822,2290,179.929703
2024.11.01_02:19:30_TAI,2040.495728,2049.166016,0.0,0.0,0.504034,0.504034,arcsec,arcsec,HPLN-TAN,HPLT-TAN,2024-11-01T02:18:26.80Z,Invalid KeyLink,SDO/HMI,HMI_FRONT2,Gauss,966.798889,148490892592.18,159.277664,4.345735,2290,179.929688
2024.11.01_02:20:15_TAI,2040.515259,2049.161377,0.0,0.0,0.504034,0.504034,arcsec,arcsec,HPLN-TAN,HPLT-TAN,2024-11-01T02:19:11.80Z,Invalid KeyLink,SDO/HMI,HMI_FRONT2,Gauss,966.798401,148490971342.18,159.270813,4.345647,2290,179.92981
2024.11.01_02:21:00_TAI,2040.527832,2049.161377,0.0,0.0,0.504034,0.504034,arcsec,arcsec,HPLN-TAN,HPLT-TAN,2024-11-01T02:19:56.80Z,Invalid KeyLink,SDO/HMI,HMI_FRONT2,Gauss,966.797852,148491049997.35,159.263962,4.34556,2290,179.929733
2024.11.01_02:21:45_TAI,2040.53894,2049.161377,0.0,0.0,0.504034,0.504034,arcsec,arcsec,HPLN-TAN,HPLT-TAN,2024-11-01T02:20:41.80Z,Invalid KeyLink,SDO/HMI,HMI_FRONT2,Gauss,966.797363,148491128556.63,159.257111,4.345473,2290,179.92984
2024.11.01_02:22:30_TAI,2040.546509,2049.156494,0.0,0.0,0.504034,0.504034,arcsec,arcsec,HPLN-TAN,HPLT-TAN,2024-11-01T02:21:26.80Z,Invalid KeyLink,SDO/HMI,HMI_FRONT2,Gauss,966.796875,148491207018.84,159.250259,4.345386,2290,179.929871
2024.11.01_02:23:15_TAI,2040.546509,2049.156494,0.0,0.0,0.504034,0.504034,arcsec,arcsec,HPLN-TAN,HPLT-TAN,2024-11-01T02:22:11.80Z,Invalid KeyLink,SDO/HMI,HMI_FRONT2,Gauss,966.796326,148491285382.9,159.243408,4.345299,2290,179.929764
2024.11.01_02:24:00_TAI,2040.542847,2049.155762,0.0,0.0,0.504034,0.504034,arcsec,arcsec,HPLN-TAN,HPLT-TAN,2024-11-01T02:22:56.80Z,Invalid KeyLink,SDO/HMI,HMI_FRONT2,Gauss,966.795837,148491363647.92,159.236557,4.345212,2290,179.929764
2024.11.01_02:24:45_TAI,2040.5354,2049.140137,0.0,0.0,0.504034,0.504034,arcsec,arcsec,HPLN-TAN,HPLT-TAN,2024-11-01T02:23:41.80Z,Invalid KeyLink,SDO/HMI,HMI_FRONT2,Gauss,966.795349,148491441812.84,159.229691,4.345124,2290,179.929611
2024.11.01_02:25:30_TAI,2040.506714,2049.128662,0.0,0.0,0.504034,0.504034,arcsec,arcsec,HPLN-TAN,HPLT-TAN,2024-11-01T02:24:26.80Z,Invalid KeyLink,SDO/HMI,HMI_FRONT2,Gauss,966.7948,148491519876.47,159.222839,4.345037,2290,179.929596
2024.11.01_02:26:15_TAI,2040.498901,2049.118652,0.0,0.0,0.504034,0.504034,arcsec,arcsec,HPLN-TAN,HPLT-TAN,2024-11-01T02:25:11.80Z,Invalid KeyLink,SDO/HMI,HMI_FRONT2,Gauss,966.794312,148491597837.76,159.215988,4.34495,2290,179.929855
2024.11.01_02:27:00_TAI,2040.498901,2049.109131,0.0,0.0,0.504034,0.504034,arcsec,arcsec,HPLN-TAN,HPLT-TAN,2024-11-01T02:25:56.80Z,Invalid KeyLink,SDO/HMI,HMI_FRONT2,Gauss,966.793823,148491675695.8,159.209137,4.344863,2290,179.929749
2024.11.01_02:27:45_TAI,2040.502441,2049.084229,0.0,0.0,0.504034,0.504034,arcsec,arcsec,HPLN-TAN,HPLT-TAN,2024-11-01T02:26:41.80Z,Invalid KeyLink,SDO/HMI,HMI_FRONT2,Gauss,966.793274,148491753449.55,159.202286,4.344776,2290,179.929794
2024.11.01_02:28:30_TAI,2040.518188,2049.065674,0.0,0.0,0.504034,0.504034,arcsec,arcsec,HPLN-TAN,HPLT-TAN,2024-11-01T02:27:26.80Z,Invalid KeyLink,SDO/HMI,HMI_FRONT2,Gauss,966.792786,148491831097.82,159.195435,4.344689,2290,179.929779
2024.11.01_02:29:15_TAI,2040.550171,2049.054199,0.0,0.0,0.504034,0.504034,arcsec,arcsec,HPLN-TAN,HPLT-TAN,2024-11-01T02:28:11.80Z,Invalid KeyLink,SDO/HMI,HMI_FRONT2,Gauss,966.792297,148491908639.57,159.188583,4.344603,2290,179.929703
2024.11.01_02:30:00_TAI,2040.570068,2049.048584,0.0,0.0,0.504035,0.504035,arcsec,arcsec,HPLN-TAN,HPLT-TAN,2024-11-01T02:28:56.80Z,Invalid KeyLink,SDO/HMI,HMI_FRONT2,Gauss,966.791748,148491986073.89,159.181732,4.344516,2290,179.92984
