# date,enhancement
2024-10-08T23:00:28.722,0.42415446568611526
2024-10-08T23:02:05.684,0.4263981916995225
2024-10-08T23:03:42.644,0.4267123186785673
2024-10-08T23:05:19.673,0.4255795035945363
2024-10-08T23:06:56.664,0.4285753933674364
2024-10-08T23:08:33.657,0.42811067645442585
2024-10-08T23:10:10.708,0.4301191036358046
2024-10-08T23:11:47.675,0.43164907473809744
2024-10-08T23:13:24.666,0.4294138267162733
2024-10-08T23:15:01.685,0.43216954167645133
2024-10-08T23:16:38.646,0.4319531845475584
2024-10-08T23:18:15.606,0.42937141758087566
2024-10-08T23:19:52.598,0.42845301942918324
2024-10-08T23:21:29.559,0.42841226867245713
2024-10-08T23:23:06.519,0.4304147411677109
2024-10-08T23:24:43.509,0.4276649402228294
2024-10-08T23:26:20.470,0.4317024719850049
2024-10-08T23:27:57.430,0.42685646101727653
2024-10-08T23:29:34.390,0.4270112364620224
2024-10-08T23:31:11.349,0.42691114779784156
2024-10-08T23:32:48.310,0.42617001960174844
2024-10-08T23:34:25.270,0.42542819990674907
2024-10-08T23:36:02.230,0.4274479811688462
2024-10-08T23:37:39.190,0.42660339961508653
2024-10-08T23:39:16.151,0.4236384673530434
2024-10-08T23:40:53.111,0.4256937732699335
2024-10-08T23:42:30.701,0.42698715861604675
2024-10-08T23:44:07.314,0.42438849139522355
2024-10-08T23:45:44.236,0.42570617208851086
2024-10-08T23:47:20.983,0.42595528645799385
2024-10-08T23:48:57.944,0.4252016017117692
2024-10-08T23:50:34.936,0.4260525754819166
2024-10-08T23:52:11.928,0.42446954807412457
2024-10-08T23:53:48.889,0.4263871487825117
2024-10-08T23:55:25.881,0.42754243025994676
2024-10-08T23:57:02.873,0.426078248621237
2024-10-08T23:58:39.866,0.4264496217772725
2024-10-09T00:00:16.823,0.42577653338138105
2024-10-09T00:01:53.783,0.4284095721941128
2024-10-09T00:03:30.743,0.42506540855796
2024-10-09T00:05:07.704,0.42730665525506867
2024-10-09T00:06:44.664,0.4267159697143879
2024-10-09T00:08:21.624,0.4257423827989112
2024-10-09T00:09:58.585,0.4246659220683939
2024-10-09T00:11:35.614,0.4258227889074173
2024-10-09T00:13:12.704,0.4279221340025165
2024-10-09T00:14:49.790,0.4290000420690961
2024-10-09T00:16:26.879,0.42720109296479836
2024-10-09T00:18:03.967,0.4273328395872402
2024-10-09T00:19:41.549,0.42867777810194346
2024-10-09T00:21:18.143,0.4267967615179834
2024-10-09T00:22:55.232,0.4278246182023864
2024-10-09T00:24:32.320,0.43056845898060514
2024-10-09T00:26:09.408,0.43000488859744607
2024-10-09T00:27:46.496,0.42981352604108186
2024-10-09T00:29:23.584,0.4288835773496549
2024-10-09T00:31:00.709,0.43286668661050937
2024-10-09T00:32:37.793,0.42858934904148843
2024-10-09T00:34:14.881,0.43057932790446335
2024-10-09T00:35:51.970,0.4304877055728591
2024-10-09T00:37:29.580,0.43150786518986894
2024-10-09T00:39:06.145,0.43126343070270207
2024-10-09T00:40:43.199,0.43135667738806116
2024-10-09T00:42:20.224,0.4322960902236093
2024-10-09T00:43:57.248,0.4311241344782347
2024-10-09T00:45:34.240,0.4343990487297286
2024-10-09T00:47:11.296,0.43320104797386233
2024-10-09T00:48:48.353,0.434354516551322
2024-10-09T00:50:25.345,0.43539480316267
2024-10-09T00:52:02.401,0.4337082043946481
2024-10-09T00:53:39.457,0.4334702515699596
2024-10-09T00:55:16.482,0.4309964133260764
2024-10-09T00:56:53.538,0.42951907587747035
2024-10-09T00:58:30.594,0.43084298318061737
2024-10-09T01:05:31.555,0.4300367348627217
2024-10-09T01:07:08.613,0.4308833317511945
2024-10-09T01:08:45.636,0.4324689007628326
2024-10-09T01:10:22.695,0.4318380558865955
2024-10-09T01:11:59.718,0.43404424343796005
2024-10-09T01:13:36.740,0.4315688906925779
2024-10-09T01:15:13.732,0.43431416579802873
2024-10-09T01:16:50.722,0.4359797647841729
2024-10-09T01:18:27.718,0.439547860352469
2024-10-09T01:20:04.739,0.43864704947897043
2024-10-09T01:21:41.703,0.43832600959898915
2024-10-09T01:23:18.693,0.43773293236312766
2024-10-09T01:24:55.651,0.43779857704710096
2024-10-09T01:26:32.676,0.43836072213046096
2024-10-09T01:28:09.668,0.44123903832468164
2024-10-09T01:29:46.693,0.4415121307088359
2024-10-09T01:31:23.720,0.45324942626015935
2024-10-09T01:40:07.774,0.6540214611296576
2024-10-09T01:41:52.531,0.6812344687861597
2024-10-09T01:43:31.153,0.711763988987985
2024-10-09T01:45:08.857,0.7153667089537222
2024-10-09T01:46:47.186,0.7334975408731803
2024-10-09T01:48:24.118,0.7307543052870727
2024-10-09T01:50:03.218,0.7368997343672836
2024-10-09T01:51:40.151,0.7111041851068044
2024-10-09T01:53:19.251,0.7104827811057147
2024-10-09T01:54:56.183,0.6979250417684275
2024-10-09T01:56:41.278,0.68874662125332
2024-10-09T01:58:25.528,0.6737665610599717
2024-10-09T02:00:10.618,0.673215354329277
2024-10-09T02:01:54.867,0.6535433785932208
2024-10-09T02:03:39.965,0.6550065393629741
2024-10-09T02:05:24.213,0.6385539898569083
2024-10-09T02:07:09.311,0.6422134883800186
2024-10-09T02:08:53.590,0.6297543448622699
2024-10-09T02:10:38.687,0.6358766951262432
2024-10-09T02:12:22.968,0.6219310339039513
2024-10-09T02:14:08.633,0.6273639967631471
2024-10-09T02:15:52.344,0.6141806001579818
2024-10-09T02:17:37.441,0.622334084439892
2024-10-09T02:19:21.723,0.6063365430235751
2024-10-09T02:21:06.817,0.6150179896871764
2024-10-09T02:22:51.656,0.5998291608547687
2024-10-09T02:24:36.162,0.6084383193783968
2024-10-09T02:28:05.473,0.5974794402234787
2024-10-09T02:29:51.991,0.5817245591026035
2024-10-09T02:31:39.109,0.5868925468705904
2024-10-09T02:33:25.527,0.5725852389316647
2024-10-09T02:35:12.546,0.5746311904087796
2024-10-09T02:36:59.929,0.5640711336263154
2024-10-09T02:38:46.822,0.5667123786763698
2024-10-09T02:40:32.597,0.5552181135590478
2024-10-09T02:42:19.586,0.557042850955988
2024-10-09T02:44:06.134,0.5475953205269629
2024-10-09T02:45:53.154,0.5459438715214383
2024-10-09T02:47:39.702,0.539864997041254
2024-10-09T02:49:29.468,0.5366684693680347
2024-10-09T02:51:18.390,0.5384792969567124
2024-10-09T02:53:07.739,0.5366150655763873
2024-10-09T02:54:59.288,0.5246137024303057
