time,exposure,region_1,region_2,region_3,region_4,region_5,region_6,region_7
2024-11-12 22:22:06.622,2.900775,3.3140008e+07,1.0334818e+07,3.593573e+06,4.599493e+06,3.98807e+06,2.666136e+06,2.411088e+06
2024-11-12 22:22:18.647,2.900774,3.3129292e+07,1.0342129e+07,3.597332e+06,4.605777e+06,3.999957e+06,2.669917e+06,2.406471e+06
2024-11-12 22:22:30.622,2.900772,3.3120244e+07,1.0340264e+07,3.59783e+06,4.605935e+06,3.988955e+06,2.670776e+06,2.404971e+06
2024-11-12 22:22:42.622,2.900775,3.3119932e+07,1.0338644e+07,3.594547e+06,4.61329e+06,3.994501e+06,2.673095e+06,2.402038e+06
2024-11-12 22:22:54.622,2.900773,3.3121624e+07,1.0347184e+07,3.59858e+06,4.605406e+06,3.995185e+06,2.675549e+06,2.406774e+06
2024-11-12 22:23:06.622,2.9007739999999997,3.3132768e+07,1.036406e+07,3.598822e+06,4.604798e+06,3.998372e+06,2.679005e+06,2.406621e+06
2024-11-12 22:23:18.624,2.900775,3.311234e+07,1.0368036e+07,3.59311e+06,4.61011e+06,3.992812e+06,2.669282e+06,2.406823e+06
2024-11-12 22:23:30.622,2.9007769999999997,3.3105136e+07,1.0372328e+07,3.590535e+06,4.604404e+06,4.000097e+06,2.667535e+06,2.406061e+06
2024-11-12 22:23:42.622,2.900778,3.30949e+07,1.0375749e+07,3.599084e+06,4.606236e+06,4.009401e+06,2.670357e+06,2.406167e+06
2024-11-12 22:23:54.622,2.9007769999999997,3.3064012e+07,1.0381269e+07,3.593262e+06,4.608091e+06,4.006644e+06,2.667523e+06,2.404191e+06
2024-11-12 22:24:06.622,2.900775,3.3063048e+07,1.0380673e+07,3.597322e+06,4.602938e+06,4.00802e+06,2.670582e+06,2.401371e+06
2024-11-12 22:24:18.631,2.900775,3.3051986e+07,1.0395754e+07,3.593621e+06,4.606327e+06,4.007352e+06,2.669445e+06,2.404783e+06
2024-11-12 22:24:30.622,2.900778,3.3041228e+07,1.0400528e+07,3.600716e+06,4.60542e+06,4.014107e+06,2.670337e+06,2.400274e+06
2024-11-12 22:24:42.622,2.900774,3.3032872e+07,1.0401901e+07,3.5975e+06,4.604312e+06,4.011299e+06,2.671183e+06,2.401695e+06
2024-11-12 22:24:54.622,2.900773,3.3009504e+07,1.0407203e+07,3.59493e+06,4.610833e+06,4.013937e+06,2.668917e+06,2.3995e+06
2024-11-12 22:25:06.630,2.900772,3.3015712e+07,1.0395237e+07,3.592832e+06,4.609194e+06,4.016221e+06,2.671357e+06,2.390219e+06
2024-11-12 22:25:18.630,2.9007680000000002,3.303209e+07,1.0386692e+07,3.5953e+06,4.610308e+06,4.010284e+06,2.672048e+06,2.399378e+06
2024-11-12 22:25:30.622,2.9007709999999998,3.3012724e+07,1.0381922e+07,3.59421e+06,4.611317e+06,4.006877e+06,2.666711e+06,2.395295e+06
2024-11-12 22:25:42.622,2.900772,3.2991034e+07,1.038802e+07,3.59672e+06,4.608546e+06,4.009439e+06,2.668242e+06,2.393314e+06
2024-11-12 22:25:54.622,2.9007739999999997,3.2984712e+07,1.0410673e+07,3.599889e+06,4.60591e+06,4.003574e+06,2.667943e+06,2.39522e+06
2024-11-12 22:26:06.622,2.9007739999999997,3.2974824e+07,1.0398779e+07,3.590963e+06,4.597735e+06,4.000513e+06,2.668792e+06,2.396035e+06
2024-11-12 22:26:18.622,2.900773,3.2963724e+07,1.0390459e+07,3.597936e+06,4.605982e+06,4.013611e+06,2.666e+06,2.393528e+06
2024-11-12 22:26:30.622,2.900773,3.2956476e+07,1.0373861e+07,3.597731e+06,4.602812e+06,4.013788e+06,2.665669e+06,2.39165e+06
2024-11-12 22:26:42.622,2.9007739999999997,3.2977196e+07,1.0375732e+07,3.598809e+06,4.610267e+06,4.013381e+06,2.665859e+06,2.392951e+06
2024-11-12 22:26:54.622,2.900773,3.2945576e+07,1.0372688e+07,3.597573e+06,4.605733e+06,4.007646e+06,2.666016e+06,2.380491e+06
2024-11-12 22:27:06.622,2.900772,3.2948638e+07,1.0358019e+07,3.600673e+06,4.605783e+06,4.007671e+06,2.654471e+06,2.383398e+06
2024-11-12 22:27:18.622,2.900772,3.2950348e+07,1.0343105e+07,3.603008e+06,4.602887e+06,4.007389e+06,2.654021e+06,2.381096e+06
2024-11-12 22:27:30.622,2.9007739999999997,3.2943668e+07,1.0344571e+07,3.599134e+06,4.600093e+06,4.010867e+06,2.651063e+06,2.378935e+06
2024-11-12 22:27:42.622,2.900773,3.2936416e+07,1.0333336e+07,3.596713e+06,4.598026e+06,4.014686e+06,2.650727e+06,2.382074e+06
2024-11-12 22:27:54.622,2.9007739999999997,3.293056e+07,1.033118e+07,3.601558e+06,4.59461e+06,4.00607e+06,2.654339e+06,2.3829e+06
2024-11-12 22:28:06.622,2.900774,3.2928892e+07,1.0323605e+07,3.597965e+06,4.59873e+06,4.00551e+06,2.656772e+06,2.378755e+06
2024-11-12 22:28:18.624,2.9007769999999997,3.2921616e+07,1.0341072e+07,3.596046e+06,4.601807e+06,4.006555e+06,2.657964e+06,2.376281e+06
2024-11-12 22:28:30.647,2.9007759999999996,3.2914108e+07,1.0343833e+07,3.602136e+06,4.601319e+06,4.003524e+06,2.655937e+06,2.377779e+06
2024-11-12 22:28:42.630,2.9007769999999997,3.2933216e+07,1.0346447e+07,3.602791e+06,4.591995e+06,4.004243e+06,2.652464e+06,2.378971e+06
2024-11-12 22:28:54.622,2.900775,3.2909948e+07,1.0335375e+07,3.596177e+06,4.599905e+06,4.006425e+06,2.647754e+06,2.380416e+06
2024-11-12 22:29:06.622,2.9007759999999996,3.2898552e+07,1.0343582e+07,3.597084e+06,4.594334e+06,4.009495e+06,2.650532e+06,2.379616e+06
2024-11-12 22:29:18.630,2.9007759999999996,3.2894732e+07,1.036024e+07,3.596965e+06,4.596123e+06,4.001703e+06,2.647696e+06,2.381449e+06
2024-11-12 22:29:30.622,2.900775,3.2915576e+07,1.0354777e+07,3.596857e+06,4.595951e+06,4.004614e+06,2.650779e+06,2.376878e+06
2024-11-12 22:29:42.622,2.900778,3.290452e+07,1.0368035e+07,3.593689e+06,4.591804e+06,4.006833e+06,2.653416e+06,2.378699e+06
2024-11-12 22:29:54.622,2.900778,3.2892956e+07,1.0363166e+07,3.59665e+06,4.597112e+06,4.005165e+06,2.654278e+06,2.382196e+06
2024-11-12 22:30:06.622,2.9007739999999997,3.2872792e+07,1.036147e+07,3.595716e+06,4.594015e+06,4.003798e+06,2.653633e+06,2.385115e+06
2024-11-12 22:30:18.622,2.9007709999999998,3.2856328e+07,1.037256e+07,3.59719e+06,4.595853e+06,4.016176e+06,2.653202e+06,2.382594e+06
2024-11-12 22:30:30.622,2.900772,3.2829144e+07,1.0385149e+07,3.600806e+06,4.59593e+06,4.014506e+06,2.654088e+06,2.377061e+06
2024-11-12 22:30:42.622,2.9007699999999996,3.2849456e+07,1.0371881e+07,3.600704e+06,4.59447e+06,4.01674e+06,2.656137e+06,2.379087e+06
2024-11-12 22:30:54.622,2.9007709999999998,3.2833188e+07,1.0386425e+07,3.600179e+06,4.596915e+06,4.018393e+06,2.656425e+06,2.383716e+06
2024-11-12 22:31:06.622,2.900773,3.2826064e+07,1.0383218e+07,3.597512e+06,4.599938e+06,4.01425e+06,2.656304e+06,2.382766e+06
2024-11-12 22:31:18.630,2.900769,3.2839218e+07,1.0385881e+07,3.59753e+06,4.595409e+06,4.016558e+06,2.658616e+06,2.380268e+06
2024-11-12 22:31:30.622,2.9007709999999998,3.2818932e+07,1.0358924e+07,3.597669e+06,4.593393e+06,4.011895e+06,2.659626e+06,2.384636e+06
2024-11-12 22:31:42.622,2.900773,3.2802868e+07,1.0364988e+07,3.600208e+06,4.595768e+06,4.015051e+06,2.660157e+06,2.387354e+06
2024-11-12 22:31:54.622,2.9007709999999998,3.2802542e+07,1.0373242e+07,3.59836e+06,4.597412e+06,4.019844e+06,2.660111e+06,2.387504e+06
2024-11-12 22:32:06.622,2.9007709999999998,3.2797584e+07,1.0355499e+07,3.598175e+06,4.595428e+06,4.016418e+06,2.657618e+06,2.380527e+06
2024-11-12 22:32:18.622,2.900772,3.2781976e+07,1.0366935e+07,3.597845e+06,4.594637e+06,4.01982e+06,2.660158e+06,2.384486e+06
2024-11-12 22:32:30.622,2.900773,3.2776284e+07,1.0344974e+07,3.598588e+06,4.592895e+06,4.021857e+06,2.657734e+06,2.384736e+06
2024-11-12 22:32:42.622,2.900774,3.2761436e+07,1.0332129e+07,3.596229e+06,4.585422e+06,4.023193e+06,2.66135e+06,2.386164e+06
2024-11-12 22:32:54.622,2.900773,3.2774224e+07,1.0329408e+07,3.596895e+06,4.587004e+06,4.027062e+06,2.657333e+06,2.385652e+06
2024-11-12 22:33:06.622,2.900772,3.2769284e+07,1.0315564e+07,3.598033e+06,4.5871e+06,4.025909e+06,2.655907e+06,2.384635e+06
2024-11-12 22:33:18.622,2.9007709999999998,3.2772204e+07,1.0317756e+07,3.595945e+06,4.586011e+06,4.026748e+06,2.65878e+06,2.387351e+06
2024-11-12 22:33:30.622,2.9007709999999998,3.2796992e+07,1.0325233e+07,3.599959e+06,4.585629e+06,4.026142e+06,2.656277e+06,2.387209e+06
2024-11-12 22:33:42.622,2.9007709999999998,3.2809252e+07,1.0321363e+07,3.602477e+06,4.58019e+06,4.027165e+06,2.656525e+06,2.388175e+06
2024-11-12 22:33:54.622,2.9007709999999998,3.2806876e+07,1.032193e+07,3.599371e+06,4.582787e+06,4.030487e+06,2.656139e+06,2.385387e+06
2024-11-12 22:34:06.622,2.900772,3.28319e+07,1.0333339e+07,3.600219e+06,4.588316e+06,4.028811e+06,2.658248e+06,2.385738e+06
2024-11-12 22:34:18.622,2.900773,3.284268e+07,1.0331009e+07,3.602949e+06,4.590529e+06,4.036292e+06,2.655677e+06,2.387747e+06
2024-11-12 22:34:30.654,2.900772,3.2838316e+07,1.0332608e+07,3.596809e+06,4.578779e+06,4.038464e+06,2.657621e+06,2.387798e+06
2024-11-12 22:34:42.630,2.900773,3.2822648e+07,1.0352878e+07,3.599935e+06,4.5861e+06,4.032161e+06,2.655761e+06,2.390835e+06
2024-11-12 22:34:54.622,2.900773,3.2817934e+07,1.0340104e+07,3.599453e+06,4.580993e+06,4.041136e+06,2.658364e+06,2.389159e+06
2024-11-12 22:35:06.638,2.900773,3.2830748e+07,1.0345481e+07,3.593599e+06,4.581969e+06,4.043522e+06,2.657291e+06,2.387522e+06
2024-11-12 22:35:18.622,2.9007709999999998,3.2829784e+07,1.0344225e+07,3.599364e+06,4.585523e+06,4.043872e+06,2.655926e+06,2.390033e+06
2024-11-12 22:35:30.622,2.900774,3.2833544e+07,1.0327499e+07,3.59498e+06,4.593024e+06,4.043269e+06,2.657572e+06,2.385935e+06
2024-11-12 22:35:42.622,2.9007699999999996,3.2868744e+07,1.0325329e+07,3.596211e+06,4.584094e+06,4.038512e+06,2.658123e+06,2.384928e+06
2024-11-12 22:35:54.647,2.9007739999999997,3.2858046e+07,1.0337332e+07,3.597968e+06,4.586347e+06,4.037065e+06,2.657833e+06,2.385378e+06
2024-11-12 22:36:06.622,2.900772,3.2869632e+07,1.0330151e+07,3.595176e+06,4.586826e+06,4.033485e+06,2.65585e+06,2.383743e+06
2024-11-12 22:36:18.622,2.9007709999999998,3.2871224e+07,1.0310932e+07,3.598285e+06,4.583722e+06,4.037496e+06,2.652502e+06,2.380826e+06
2024-11-12 22:36:30.617,2.900773,3.2890956e+07,1.030297e+07,3.598621e+06,4.581261e+06,4.03998e+06,2.655718e+06,2.380077e+06
2024-11-12 22:36:42.648,2.900773,3.2902384e+07,1.0303861e+07,3.596355e+06,4.580132e+06,4.043271e+06,2.659056e+06,2.379723e+06
2024-11-12 22:36:54.622,2.9007739999999997,3.2913212e+07,1.0303903e+07,3.598387e+06,4.582116e+06,4.047296e+06,2.657075e+06,2.377008e+06
2024-11-12 22:37:06.616,2.9007699999999996,3.2896252e+07,1.0298679e+07,3.598271e+06,4.584352e+06,4.042282e+06,2.65722e+06,2.378188e+06
2024-11-12 22:37:18.622,2.900772,3.2889112e+07,1.0284352e+07,3.598255e+06,4.574981e+06,4.041064e+06,2.650348e+06,2.383342e+06
2024-11-12 22:37:30.622,2.9007739999999997,3.2879632e+07,1.0293121e+07,3.597735e+06,4.580968e+06,4.050357e+06,2.651764e+06,2.383628e+06
2024-11-12 22:37:42.622,2.900773,3.284442e+07,1.0294604e+07,3.599694e+06,4.577609e+06,4.048854e+06,2.656209e+06,2.379677e+06
2024-11-12 22:37:54.615,2.900773,3.2824596e+07,1.0294224e+07,3.596219e+06,4.577658e+06,4.044462e+06,2.656057e+06,2.378468e+06
2024-11-12 22:38:06.647,2.900772,3.2814416e+07,1.0293766e+07,3.600481e+06,4.581371e+06,4.046313e+06,2.660524e+06,2.382251e+06
2024-11-12 22:38:18.622,2.9007709999999998,3.279844e+07,1.0288879e+07,3.601448e+06,4.5774e+06,4.061802e+06,2.658551e+06,2.379601e+06
2024-11-12 22:38:30.615,2.9007739999999997,3.278298e+07,1.029679e+07,3.599214e+06,4.573317e+06,4.064268e+06,2.649895e+06,2.377563e+06
2024-11-12 22:38:42.622,2.900774,3.2787716e+07,1.0303236e+07,3.600196e+06,4.573598e+06,4.070911e+06,2.649535e+06,2.379007e+06
2024-11-12 22:38:54.622,2.900772,3.27998e+07,1.0304002e+07,3.598927e+06,4.574608e+06,4.06705e+06,2.652953e+06,2.377632e+06
2024-11-12 22:39:06.616,2.900773,3.2800984e+07,1.029514e+07,3.598657e+06,4.571249e+06,4.063838e+06,2.647499e+06,2.377395e+06
2024-11-12 22:39:18.622,2.900772,3.2769036e+07,1.0273636e+07,3.603713e+06,4.5688e+06,4.065043e+06,2.650095e+06,2.374442e+06
2024-11-12 22:39:30.622,2.900772,3.2791972e+07,1.026175e+07,3.60784e+06,4.567327e+06,4.063859e+06,2.655591e+06,2.372519e+06
2024-11-12 22:39:42.622,2.900772,3.278829e+07,1.0254382e+07,3.603014e+06,4.571288e+06,4.060438e+06,2.653083e+06,2.372069e+06
2024-11-12 22:39:54.616,2.900773,3.2807624e+07,1.0257989e+07,3.599547e+06,4.569419e+06,4.062658e+06,2.657584e+06,2.372311e+06
2024-11-12 22:40:06.622,2.9007759999999996,3.280469e+07,1.0245639e+07,3.60329e+06,4.570155e+06,4.063318e+06,2.652829e+06,2.368311e+06
2024-11-12 22:40:18.622,2.900773,3.2813404e+07,1.0257883e+07,3.608287e+06,4.57021e+06,4.057256e+06,2.648079e+06,2.366191e+06
2024-11-12 22:40:30.616,2.900773,3.2801076e+07,1.0248148e+07,3.60161e+06,4.566046e+06,4.058605e+06,2.649769e+06,2.36753e+06
2024-11-12 22:40:42.622,2.900773,3.2809988e+07,1.0242529e+07,3.602881e+06,4.573857e+06,4.057259e+06,2.651954e+06,2.368466e+06
2024-11-12 22:40:54.622,2.900772,3.2811836e+07,1.0236031e+07,3.604708e+06,4.560506e+06,4.055631e+06,2.650926e+06,2.368922e+06
2024-11-12 22:41:06.622,2.900773,3.279518e+07,1.0224864e+07,3.606131e+06,4.568128e+06,4.052585e+06,2.646611e+06,2.363512e+06
2024-11-12 22:41:18.615,2.900772,3.2766566e+07,1.0224407e+07,3.609909e+06,4.559018e+06,4.052752e+06,2.651163e+06,2.365186e+06
2024-11-12 22:41:30.622,2.900772,3.2776452e+07,1.0228698e+07,3.605233e+06,4.559299e+06,4.055662e+06,2.652245e+06,2.365064e+06
2024-11-12 22:41:42.622,2.900772,3.2751164e+07,1.0217172e+07,3.607168e+06,4.562058e+06,4.048516e+06,2.647352e+06,2.368909e+06
2024-11-12 22:41:54.615,2.9007699999999996,3.2740528e+07,1.0222075e+07,3.604867e+06,4.564032e+06,4.044546e+06,2.644523e+06,2.364188e+06
2024-11-12 22:42:06.622,2.900774,3.2736488e+07,1.024069e+07,3.605489e+06,4.562288e+06,4.042855e+06,2.645841e+06,2.367617e+06
2024-11-12 22:42:18.615,2.900774,3.2679082e+07,1.0242444e+07,3.60984e+06,4.551236e+06,4.048172e+06,2.643664e+06,2.369879e+06
2024-11-12 22:42:30.622,2.900775,3.2676176e+07,1.0251631e+07,3.610767e+06,4.558329e+06,4.047757e+06,2.645176e+06,2.371979e+06
2024-11-12 22:42:42.622,2.900774,3.269418e+07,1.0267129e+07,3.606857e+06,4.55688e+06,4.04668e+06,2.646262e+06,2.368943e+06
2024-11-12 22:42:54.641,2.900775,3.2669464e+07,1.0267458e+07,3.60778e+06,4.554255e+06,4.04301e+06,2.648179e+06,2.369805e+06
2024-11-12 22:43:06.622,2.9007709999999998,3.264772e+07,1.0269565e+07,3.608467e+06,4.556524e+06,4.045774e+06,2.647604e+06,2.372976e+06
2024-11-12 22:43:18.622,2.900776,3.2632284e+07,1.0297932e+07,3.607903e+06,4.559115e+06,4.045026e+06,2.645665e+06,2.372108e+06
2024-11-12 22:43:30.630,2.9007709999999998,3.2635934e+07,1.0301941e+07,3.607308e+06,4.556926e+06,4.046998e+06,2.644426e+06,2.376269e+06
2024-11-12 22:43:42.622,2.900774,3.2622484e+07,1.0312913e+07,3.607679e+06,4.550047e+06,4.053579e+06,2.649515e+06,2.372592e+06
2024-11-12 22:43:54.615,2.900773,3.261935e+07,1.0322931e+07,3.608816e+06,4.550996e+06,4.052011e+06,2.652125e+06,2.373972e+06
2024-11-12 22:44:06.622,2.900776,3.260082e+07,1.0339569e+07,3.616176e+06,4.554875e+06,4.057199e+06,2.649048e+06,2.375396e+06
2024-11-12 22:44:18.616,2.900775,3.2584496e+07,1.0338514e+07,3.614559e+06,4.557566e+06,4.049279e+06,2.64889e+06,2.375593e+06
2024-11-12 22:44:30.622,2.9007709999999998,3.2589972e+07,1.0337992e+07,3.614188e+06,4.558901e+06,4.045906e+06,2.650898e+06,2.374963e+06
2024-11-12 22:44:42.615,2.900772,3.2578348e+07,1.0350711e+07,3.616463e+06,4.558507e+06,4.045282e+06,2.650431e+06,2.376411e+06
2024-11-12 22:44:54.622,2.900774,3.2555124e+07,1.0333219e+07,3.616586e+06,4.548537e+06,4.037642e+06,2.64297e+06,2.380484e+06
2024-11-12 22:45:06.622,2.900772,3.255064e+07,1.0343241e+07,3.614119e+06,4.555504e+06,4.037528e+06,2.645014e+06,2.381262e+06
2024-11-12 22:45:18.622,2.900772,3.2536392e+07,1.0342274e+07,3.612831e+06,4.548268e+06,4.034373e+06,2.645334e+06,2.380854e+06
2024-11-12 22:45:30.622,2.900772,3.255001e+07,1.0345269e+07,3.612494e+06,4.549125e+06,4.033539e+06,2.645242e+06,2.383254e+06
2024-11-12 22:45:42.622,2.900772,3.2543876e+07,1.0341934e+07,3.612991e+06,4.5502e+06,4.029803e+06,2.638422e+06,2.384246e+06
2024-11-12 22:45:54.616,2.9007699999999996,3.2551304e+07,1.0321006e+07,3.608416e+06,4.552767e+06,4.026924e+06,2.645967e+06,2.379924e+06
2024-11-12 22:46:06.630,2.900775,3.258713e+07,1.0322554e+07,3.613704e+06,4.546582e+06,4.025955e+06,2.636919e+06,2.379136e+06
2024-11-12 22:46:18.622,2.9007739999999997,3.256744e+07,1.0308033e+07,3.614876e+06,4.552465e+06,4.038348e+06,2.64126e+06,2.380377e+06
2024-11-12 22:46:30.622,2.900774,3.2569788e+07,1.0318189e+07,3.612364e+06,4.552047e+06,4.037548e+06,2.645563e+06,2.380297e+06
2024-11-12 22:46:42.616,2.900775,3.2554288e+07,1.0307955e+07,3.615523e+06,4.546404e+06,4.039332e+06,2.640393e+06,2.381528e+06
2024-11-12 22:46:54.647,2.900773,3.2544576e+07,1.0316074e+07,3.61892e+06,4.542317e+06,4.03503e+06,2.640446e+06,2.382804e+06
2024-11-12 22:47:06.622,2.9007769999999997,3.2548644e+07,1.0299528e+07,3.613676e+06,4.542907e+06,4.027044e+06,2.639514e+06,2.382698e+06
2024-11-12 22:47:18.622,2.9007759999999996,3.2548722e+07,1.0294116e+07,3.617954e+06,4.546791e+06,4.01467e+06,2.642967e+06,2.383222e+06
2024-11-12 22:47:30.622,2.9007759999999996,3.2533652e+07,1.0297796e+07,3.618199e+06,4.544e+06,4.011416e+06,2.642911e+06,2.387092e+06
2024-11-12 22:47:42.615,2.9007739999999997,3.2527116e+07,1.0291869e+07,3.621038e+06,4.544438e+06,4.005417e+06,2.641959e+06,2.390129e+06
2024-11-12 22:47:54.622,2.900775,3.2517114e+07,1.0303933e+07,3.619672e+06,4.547385e+06,4.007782e+06,2.638619e+06,2.389349e+06
2024-11-12 22:48:06.622,2.900775,3.2523516e+07,1.0310415e+07,3.615673e+06,4.547016e+06,4.009017e+06,2.639365e+06,2.389122e+06
2024-11-12 22:48:18.616,2.9007739999999997,3.2529134e+07,1.0308452e+07,3.615719e+06,4.545686e+06,4.003101e+06,2.638613e+06,2.387224e+06
2024-11-12 22:48:30.622,2.9007769999999997,3.2533022e+07,1.030641e+07,3.619679e+06,4.543176e+06,4.008048e+06,2.638242e+06,2.385908e+06
2024-11-12 22:48:42.622,2.900773,3.2541212e+07,1.0306234e+07,3.619374e+06,4.543926e+06,4.005589e+06,2.638161e+06,2.387783e+06
2024-11-12 22:48:54.623,2.900774,3.2526124e+07,1.0321944e+07,3.618805e+06,4.544128e+06,4.010444e+06,2.635204e+06,2.388679e+06
2024-11-12 22:49:06.630,2.9007749999999994,3.2503784e+07,1.0334035e+07,3.616754e+06,4.542406e+06,4.008084e+06,2.637801e+06,2.382598e+06
2024-11-12 22:49:18.615,2.900774,3.251156e+07,1.0343909e+07,3.61393e+06,4.541191e+06,4.011277e+06,2.637357e+06,2.386233e+06
2024-11-12 22:49:30.622,2.9007709999999998,3.2507268e+07,1.0345755e+07,3.612247e+06,4.535918e+06,4.006408e+06,2.632536e+06,2.389022e+06
2024-11-12 22:49:42.630,2.900774,3.2476136e+07,1.0338886e+07,3.611019e+06,4.54307e+06,4.008252e+06,2.639583e+06,2.38662e+06
2024-11-12 22:49:54.615,2.900773,3.2477842e+07,1.0355843e+07,3.611256e+06,4.54256e+06,4.011422e+06,2.630228e+06,2.383391e+06
2024-11-12 22:50:06.622,2.900775,3.248948e+07,1.0344232e+07,3.610717e+06,4.541098e+06,4.01776e+06,2.633627e+06,2.385136e+06
2024-11-12 22:50:18.622,2.9007739999999997,3.2486582e+07,1.0340398e+07,3.610559e+06,4.539956e+06,4.027886e+06,2.630345e+06,2.384789e+06
2024-11-12 22:50:30.622,2.900772,3.2482744e+07,1.0325818e+07,3.610676e+06,4.543793e+06,4.022805e+06,2.632342e+06,2.39132e+06
2024-11-12 22:50:42.622,2.900774,3.247902e+07,1.0320929e+07,3.610033e+06,4.541104e+06,4.018173e+06,2.633134e+06,2.387653e+06
2024-11-12 22:50:54.622,2.900773,3.2470572e+07,1.0302489e+07,3.604857e+06,4.541533e+06,4.014053e+06,2.6314e+06,2.384197e+06
2024-11-12 22:51:06.622,2.900775,3.2486296e+07,1.0311993e+07,3.609472e+06,4.536019e+06,4.018925e+06,2.631169e+06,2.383499e+06
2024-11-12 22:51:18.616,2.900773,3.2480292e+07,1.0311514e+07,3.606274e+06,4.541723e+06,4.007238e+06,2.626462e+06,2.380275e+06
2024-11-12 22:51:30.622,2.9007739999999997,3.246436e+07,1.0306447e+07,3.606538e+06,4.543676e+06,4.00564e+06,2.62577e+06,2.384053e+06
2024-11-12 22:51:42.622,2.9007769999999997,3.2451412e+07,1.0309392e+07,3.607125e+06,4.538881e+06,4.007546e+06,2.626271e+06,2.385396e+06
2024-11-12 22:51:54.622,2.900775,3.2441388e+07,1.0315939e+07,3.603901e+06,4.543469e+06,4.007517e+06,2.625486e+06,2.389056e+06
2024-11-12 22:52:06.622,2.9007749999999994,3.243522e+07,1.0321737e+07,3.605138e+06,4.538293e+06,4.011403e+06,2.62486e+06,2.38673e+06
2024-11-12 22:52:18.622,2.900775,3.2427648e+07,1.0310198e+07,3.603946e+06,4.533008e+06,4.003561e+06,2.629213e+06,2.385408e+06
2024-11-12 22:52:30.622,2.900776,3.2428264e+07,1.0334829e+07,3.606508e+06,4.541365e+06,4.018804e+06,2.628424e+06,2.383997e+06
2024-11-12 22:52:42.622,2.900778,3.241336e+07,1.038782e+07,3.606492e+06,4.535242e+06,4.016858e+06,2.626421e+06,2.379884e+06
2024-11-12 22:52:54.622,2.900773,3.2410624e+07,1.0414544e+07,3.603271e+06,4.534537e+06,4.012165e+06,2.633433e+06,2.38368e+06
2024-11-12 22:53:06.622,2.900775,3.2413388e+07,1.0386259e+07,3.608401e+06,4.54024e+06,4.013355e+06,2.628924e+06,2.384973e+06
2024-11-12 22:53:18.616,2.900772,3.2415512e+07,1.0408592e+07,3.608401e+06,4.536305e+06,4.002457e+06,2.628724e+06,2.381008e+06
2024-11-12 22:53:30.623,2.900775,3.2400294e+07,1.0394146e+07,3.615495e+06,4.537856e+06,4.00522e+06,2.626241e+06,2.380314e+06
2024-11-12 22:53:42.624,2.900775,3.2402242e+07,1.0380607e+07,3.610878e+06,4.538661e+06,4.013387e+06,2.627833e+06,2.382091e+06
2024-11-12 22:53:54.622,2.9007739999999997,3.2396406e+07,1.05082e+07,3.606222e+06,4.544082e+06,4.015452e+06,2.627528e+06,2.382859e+06
2024-11-12 22:54:06.622,2.900773,3.2386712e+07,1.0661893e+07,3.609711e+06,4.546636e+06,4.016821e+06,2.624485e+06,2.383292e+06
2024-11-12 22:54:18.616,2.900774,3.2392914e+07,1.0952834e+07,3.612784e+06,4.546098e+06,4.029029e+06,2.629692e+06,2.385226e+06
2024-11-12 22:54:30.623,2.9007769999999997,3.2375996e+07,1.0946764e+07,3.612244e+06,4.540758e+06,4.02644e+06,2.621594e+06,2.385333e+06
2024-11-12 22:54:42.622,2.9007769999999997,3.237158e+07,1.1050534e+07,3.611909e+06,4.541254e+06,4.023856e+06,2.623444e+06,2.378797e+06
2024-11-12 22:54:54.622,2.900775,3.235984e+07,1.1041417e+07,3.612999e+06,4.544136e+06,4.023764e+06,2.628546e+06,2.389053e+06
2024-11-12 22:55:06.630,2.9007759999999996,3.2365676e+07,1.0930278e+07,3.613027e+06,4.542612e+06,4.020058e+06,2.623934e+06,2.382188e+06
2024-11-12 22:55:18.622,2.900774,3.235502e+07,1.0911488e+07,3.608737e+06,4.544786e+06,4.023438e+06,2.62317e+06,2.374678e+06
2024-11-12 22:55:30.615,2.9007759999999996,3.2356114e+07,1.0942229e+07,3.607116e+06,4.543259e+06,4.022762e+06,2.625115e+06,2.373061e+06
2024-11-12 22:55:42.622,2.900775,3.2332416e+07,1.0961786e+07,3.604825e+06,4.540229e+06,4.016337e+06,2.624321e+06,2.371153e+06
2024-11-12 22:55:54.642,2.9007769999999997,3.2321576e+07,1.0882092e+07,3.605843e+06,4.539492e+06,4.018107e+06,2.62801e+06,2.375903e+06
2024-11-12 22:56:06.622,2.900773,3.2326108e+07,1.0788672e+07,3.604085e+06,4.539129e+06,4.02234e+06,2.62603e+06,2.370933e+06
2024-11-12 22:56:18.622,2.900773,3.2343808e+07,1.0725928e+07,3.607843e+06,4.536193e+06,4.018086e+06,2.62382e+06,2.372313e+06
2024-11-12 22:56:30.616,2.9007759999999996,3.2351852e+07,1.0692568e+07,3.606587e+06,4.541082e+06,4.021725e+06,2.629422e+06,2.370373e+06
2024-11-12 22:56:42.622,2.9007759999999996,3.235261e+07,1.0668156e+07,3.607006e+06,4.537287e+06,4.026535e+06,2.630496e+06,2.373106e+06
2024-11-12 22:56:54.622,2.9007749999999994,3.2347498e+07,1.0624225e+07,3.6068e+06,4.5408e+06,4.022872e+06,2.626083e+06,2.37141e+06
2024-11-12 22:57:06.622,2.9007759999999996,3.2344632e+07,1.0602395e+07,3.607709e+06,4.53775e+06,4.031219e+06,2.625073e+06,2.374133e+06
2024-11-12 22:57:18.615,2.900778,3.2350592e+07,1.0544266e+07,3.60352e+06,4.538714e+06,4.01531e+06,2.62588e+06,2.376217e+06
2024-11-12 22:57:30.622,2.9007739999999993,3.23363e+07,1.0531565e+07,3.605318e+06,4.540997e+06,4.011509e+06,2.624867e+06,2.374599e+06
2024-11-12 22:57:42.615,2.9007759999999996,3.2335852e+07,1.0501608e+07,3.603784e+06,4.541093e+06,4.007678e+06,2.621326e+06,2.376954e+06
2024-11-12 22:57:54.622,2.9007739999999997,3.234596e+07,1.0498437e+07,3.605735e+06,4.539954e+06,4.002185e+06,2.625836e+06,2.377971e+06
2024-11-12 22:58:06.622,2.900774,3.2331144e+07,1.0481703e+07,3.607125e+06,4.543023e+06,4.005932e+06,2.624686e+06,2.373737e+06
2024-11-12 22:58:18.622,2.900775,3.2346336e+07,1.0454497e+07,3.603867e+06,4.536265e+06,4.009229e+06,2.629353e+06,2.375137e+06
2024-11-12 22:58:30.615,2.9007750000000003,3.2325396e+07,1.0453662e+07,3.604996e+06,4.538841e+06,4.011474e+06,2.623379e+06,2.372073e+06
2024-11-12 22:58:42.647,2.900774,3.2322264e+07,1.0428082e+07,3.604617e+06,4.538606e+06,4.005102e+06,2.623346e+06,2.377318e+06
2024-11-12 22:58:54.641,2.9007759999999996,3.2301876e+07,1.0425459e+07,3.602155e+06,4.536849e+06,4.012554e+06,2.623905e+06,2.375929e+06
2024-11-12 22:59:06.615,2.9007759999999996,3.2325372e+07,1.0419695e+07,3.600534e+06,4.542633e+06,4.008511e+06,2.624359e+06,2.376169e+06
2024-11-12 22:59:18.623,2.9007759999999996,3.231382e+07,1.0411029e+07,3.605571e+06,4.534649e+06,4.003656e+06,2.626334e+06,2.37275e+06
2024-11-12 22:59:30.622,2.900778,3.2307068e+07,1.0410864e+07,3.604578e+06,4.53286e+06,4.002987e+06,2.627996e+06,2.375655e+06
2024-11-12 22:59:42.622,2.900778,3.2304502e+07,1.0410797e+07,3.606054e+06,4.533578e+06,4.000022e+06,2.62655e+06,2.372486e+06
2024-11-12 22:59:54.615,2.9007750000000003,3.2287436e+07,1.0409805e+07,3.60606e+06,4.529031e+06,3.996541e+06,2.627589e+06,2.373266e+06
2024-11-12 23:00:06.622,2.900753,3.2299072e+07,1.0399189e+07,3.603119e+06,4.533885e+06,3.991036e+06,2.633099e+06,2.375167e+06
2024-11-12 23:00:18.630,2.9007769999999997,3.2245494e+07,1.0399019e+07,3.598526e+06,4.533977e+06,3.990648e+06,2.634832e+06,2.379409e+06
2024-11-12 23:00:30.616,2.9007769999999997,3.2270216e+07,1.0400943e+07,3.601299e+06,4.53341e+06,3.986742e+06,2.632836e+06,2.376814e+06
2024-11-12 23:00:42.622,2.9007769999999997,3.2267992e+07,1.0400442e+07,3.602127e+06,4.530687e+06,3.987492e+06,2.632813e+06,2.381175e+06
2024-11-12 23:00:54.622,2.9007769999999997,3.2267212e+07,1.0408878e+07,3.598723e+06,4.528804e+06,3.988719e+06,2.634337e+06,2.381249e+06
2024-11-12 23:01:06.615,2.9007759999999996,3.2271192e+07,1.0401362e+07,3.595946e+06,4.535662e+06,3.9861e+06,2.634662e+06,2.373186e+06
2024-11-12 23:01:18.622,2.900775,3.225512e+07,1.0396408e+07,3.603527e+06,4.532587e+06,3.98406e+06,2.627704e+06,2.378216e+06
2024-11-12 23:01:30.622,2.9007759999999996,3.2236914e+07,1.0394914e+07,3.601763e+06,4.52485e+06,3.98884e+06,2.628777e+06,2.374728e+06
2024-11-12 23:01:42.615,2.900778,3.2232772e+07,1.0388118e+07,3.603608e+06,4.527959e+06,3.978891e+06,2.634261e+06,2.376892e+06
2024-11-12 23:01:54.622,2.9007759999999996,3.22233e+07,1.0385534e+07,3.599856e+06,4.529109e+06,3.988018e+06,2.630359e+06,2.375069e+06
2024-11-12 23:02:06.622,2.900778,3.2229484e+07,1.0385518e+07,3.602765e+06,4.533182e+06,3.98585e+06,2.636035e+06,2.377138e+06
2024-11-12 23:02:18.622,2.9007769999999997,3.2225568e+07,1.0397899e+07,3.60434e+06,4.526658e+06,3.996569e+06,2.635105e+06,2.376814e+06
2024-11-12 23:02:30.630,2.9007789999999996,3.2226052e+07,1.0395518e+07,3.601708e+06,4.530442e+06,3.993523e+06,2.636315e+06,2.378132e+06
2024-11-12 23:02:42.622,2.900778,3.221817e+07,1.0379551e+07,3.606244e+06,4.527541e+06,3.994153e+06,2.634293e+06,2.373722e+06
2024-11-12 23:02:54.622,2.9007769999999997,3.2202836e+07,1.0394761e+07,3.604949e+06,4.533871e+06,3.999898e+06,2.633267e+06,2.37752e+06
2024-11-12 23:03:06.615,2.900778,3.2199428e+07,1.0403428e+07,3.59782e+06,4.52531e+06,3.999693e+06,2.635345e+06,2.375039e+06
2024-11-12 23:03:18.622,2.900778,3.2213094e+07,1.0427595e+07,3.605159e+06,4.533134e+06,3.999631e+06,2.634624e+06,2.375334e+06
2024-11-12 23:03:30.615,2.900778,3.2207616e+07,1.0416607e+07,3.607105e+06,4.534306e+06,3.994751e+06,2.632426e+06,2.374652e+06
2024-11-12 23:03:42.622,2.900779,3.2204808e+07,1.0432752e+07,3.604838e+06,4.53613e+06,3.995472e+06,2.635648e+06,2.375169e+06
2024-11-12 23:03:54.630,2.900778,3.2214784e+07,1.0443257e+07,3.599203e+06,4.538982e+06,3.997724e+06,2.631718e+06,2.378335e+06
2024-11-12 23:04:06.622,2.90078,3.219016e+07,1.045338e+07,3.603852e+06,4.536245e+06,3.997483e+06,2.638246e+06,2.375502e+06
2024-11-12 23:04:18.622,2.900779,3.2192574e+07,1.0471517e+07,3.605636e+06,4.53786e+06,3.99572e+06,2.636703e+06,2.380107e+06
2024-11-12 23:04:30.622,2.900779,3.2194982e+07,1.0470175e+07,3.606058e+06,4.535393e+06,4.000081e+06,2.638545e+06,2.380549e+06
2024-11-12 23:04:42.622,2.900779,3.21899e+07,1.0476889e+07,3.60613e+06,4.540277e+06,4.008601e+06,2.636728e+06,2.382973e+06
2024-11-12 23:04:54.622,2.9007799999999997,3.2189538e+07,1.0497597e+07,3.602886e+06,4.538999e+06,4.00506e+06,2.63748e+06,2.378463e+06
2024-11-12 23:05:06.638,2.9007769999999997,3.2201804e+07,1.0490785e+07,3.604065e+06,4.537939e+06,3.995617e+06,2.635128e+06,2.376657e+06
2024-11-12 23:05:18.622,2.9007769999999997,3.218613e+07,1.0459708e+07,3.608788e+06,4.541961e+06,4.002259e+06,2.637462e+06,2.376467e+06
2024-11-12 23:05:30.622,2.9007829999999997,3.218734e+07,1.0464676e+07,3.605952e+06,4.537355e+06,4.005347e+06,2.632192e+06,2.369834e+06
2024-11-12 23:05:42.622,2.9007799999999997,3.217594e+07,1.0473259e+07,3.604885e+06,4.537952e+06,4.000157e+06,2.627533e+06,2.370395e+06
2024-11-12 23:05:54.622,2.9007769999999997,3.2177048e+07,1.0482415e+07,3.605255e+06,4.537022e+06,4.001912e+06,2.63121e+06,2.366976e+06
2024-11-12 23:06:06.622,2.900778,3.2189254e+07,1.0476902e+07,3.604991e+06,4.53992e+06,4.002151e+06,2.629606e+06,2.364844e+06
2024-11-12 23:06:18.615,2.900775,3.2180864e+07,1.0472173e+07,3.603335e+06,4.528088e+06,4.009548e+06,2.625943e+06,2.367942e+06
2024-11-12 23:06:30.622,2.900778,3.218688e+07,1.0440977e+07,3.604596e+06,4.539596e+06,4.009613e+06,2.627567e+06,2.364445e+06
2024-11-12 23:06:42.622,2.900778,3.2188096e+07,1.0434928e+07,3.608984e+06,4.538182e+06,4.009942e+06,2.624544e+06,2.361238e+06
2024-11-12 23:06:54.622,2.90078,3.219338e+07,1.0424298e+07,3.606833e+06,4.535719e+06,4.02344e+06,2.628336e+06,2.360217e+06
2024-11-12 23:07:06.622,2.900778,3.21686e+07,1.0415508e+07,3.600328e+06,4.547861e+06,4.018999e+06,2.631896e+06,2.364933e+06
2024-11-12 23:07:18.622,2.90078,3.218026e+07,1.0412626e+07,3.606546e+06,4.543482e+06,4.015055e+06,2.631156e+06,2.367509e+06
2024-11-12 23:07:30.615,2.9007769999999997,3.217008e+07,1.0407222e+07,3.600318e+06,4.546397e+06,4.005648e+06,2.630866e+06,2.361458e+06
2024-11-12 23:07:42.622,2.900779,3.2188136e+07,1.0401576e+07,3.605898e+06,4.544062e+06,4.001068e+06,2.624979e+06,2.363844e+06
2024-11-12 23:07:54.653,2.900778,3.2194128e+07,1.0399574e+07,3.60017e+06,4.545976e+06,4.003051e+06,2.62208e+06,2.362706e+06
2024-11-12 23:08:06.622,2.900778,3.2200046e+07,1.0397704e+07,3.597714e+06,4.545766e+06,3.998967e+06,2.619499e+06,2.365945e+06
2024-11-12 23:08:18.616,2.900776,3.2206174e+07,1.0404706e+07,3.601646e+06,4.544884e+06,4.003842e+06,2.621411e+06,2.364267e+06
2024-11-12 23:08:30.622,2.900778,3.2227474e+07,1.0403175e+07,3.597478e+06,4.550337e+06,4.003853e+06,2.620768e+06,2.361498e+06
2024-11-12 23:08:42.639,2.900779,3.2208628e+07,1.0403974e+07,3.599759e+06,4.538481e+06,4.003776e+06,2.618651e+06,2.362067e+06
2024-11-12 23:08:54.622,2.900778,3.2215852e+07,1.0402173e+07,3.605869e+06,4.542349e+06,3.998517e+06,2.622668e+06,2.363797e+06
2024-11-12 23:09:06.622,2.9007759999999996,3.2203298e+07,1.0406404e+07,3.601442e+06,4.537789e+06,4.006e+06,2.623306e+06,2.360813e+06
2024-11-12 23:09:18.630,2.900778,3.2205516e+07,1.0415119e+07,3.596356e+06,4.539533e+06,4.001659e+06,2.622586e+06,2.353272e+06
2024-11-12 23:09:30.622,2.9007769999999997,3.21957e+07,1.0415848e+07,3.598466e+06,4.541506e+06,4.004272e+06,2.619617e+06,2.351976e+06
2024-11-12 23:09:42.622,2.9007769999999997,3.2179724e+07,1.0425269e+07,3.60543e+06,4.546225e+06,4.004596e+06,2.621453e+06,2.353164e+06
2024-11-12 23:09:54.615,2.900776,3.2181956e+07,1.0415164e+07,3.603412e+06,4.550847e+06,3.99646e+06,2.619667e+06,2.354898e+06
2024-11-12 23:10:06.639,2.900778,3.2178796e+07,1.0416337e+07,3.605471e+06,4.548912e+06,4.003345e+06,2.619621e+06,2.353843e+06
2024-11-12 23:10:18.622,2.900779,3.21621e+07,1.0416589e+07,3.611092e+06,4.555855e+06,4.009762e+06,2.620992e+06,2.355642e+06
2024-11-12 23:10:30.622,2.900778,3.2140312e+07,1.0412539e+07,3.614901e+06,4.547939e+06,4.006746e+06,2.621111e+06,2.355013e+06
2024-11-12 23:10:42.639,2.9007769999999997,3.213298e+07,1.0408465e+07,3.616803e+06,4.55228e+06,4.006953e+06,2.619571e+06,2.358759e+06
2024-11-12 23:10:54.622,2.900779,3.2124602e+07,1.0413458e+07,3.610795e+06,4.551425e+06,4.00782e+06,2.622342e+06,2.355181e+06
2024-11-12 23:11:06.622,2.9007769999999997,3.210176e+07,1.0403042e+07,3.616105e+06,4.555423e+06,4.005196e+06,2.626894e+06,2.355018e+06
2024-11-12 23:11:18.615,2.900778,3.2107012e+07,1.0379924e+07,3.615105e+06,4.550255e+06,4.009269e+06,2.625689e+06,2.353363e+06
2024-11-12 23:11:30.622,2.9007769999999997,3.2121728e+07,1.0383362e+07,3.616196e+06,4.55507e+06,4.016562e+06,2.624567e+06,2.356295e+06
2024-11-12 23:11:42.622,2.9007769999999997,3.2095734e+07,1.0355645e+07,3.612968e+06,4.549989e+06,4.009074e+06,2.623487e+06,2.359187e+06
2024-11-12 23:11:54.615,2.900776,3.2097124e+07,1.0370967e+07,3.611617e+06,4.547089e+06,4.010373e+06,2.621456e+06,2.35671e+06
2024-11-12 23:12:06.622,2.900778,3.2072038e+07,1.036844e+07,3.6106e+06,4.547849e+06,4.00835e+06,2.623451e+06,2.358058e+06
2024-11-12 23:12:18.622,2.9007769999999997,3.207542e+07,1.0369098e+07,3.607833e+06,4.55078e+06,4.008049e+06,2.622487e+06,2.355518e+06
2024-11-12 23:12:30.615,2.9007769999999997,3.20952e+07,1.0366763e+07,3.611778e+06,4.549045e+06,4.012961e+06,2.619366e+06,2.353383e+06
2024-11-12 23:12:42.622,2.900778,3.2084698e+07,1.0342714e+07,3.6081e+06,4.554755e+06,4.010422e+06,2.612313e+06,2.354593e+06
2024-11-12 23:12:54.622,2.90078,3.2081932e+07,1.035644e+07,3.609788e+06,4.553963e+06,4.012266e+06,2.61259e+06,2.355588e+06
2024-11-12 23:13:06.622,2.9007769999999997,3.2082958e+07,1.0348814e+07,3.608249e+06,4.552243e+06,4.009352e+06,2.614245e+06,2.355252e+06
2024-11-12 23:13:18.622,2.9007789999999996,3.207552e+07,1.0348739e+07,3.612035e+06,4.552901e+06,4.013404e+06,2.613049e+06,2.356508e+06
2024-11-12 23:13:30.622,2.900779,3.2064734e+07,1.0343895e+07,3.608306e+06,4.557875e+06,4.010511e+06,2.608774e+06,2.357628e+06
2024-11-12 23:13:42.622,2.9007789999999996,3.2071732e+07,1.0359829e+07,3.603247e+06,4.555665e+06,4.012863e+06,2.617787e+06,2.354395e+06
2024-11-12 23:13:54.615,2.900776,3.2086048e+07,1.0363896e+07,3.605853e+06,4.554005e+06,4.022871e+06,2.611585e+06,2.35632e+06
2024-11-12 23:14:06.638,2.900778,3.2080804e+07,1.0363872e+07,3.606982e+06,4.552666e+06,4.020766e+06,2.606099e+06,2.353829e+06
2024-11-12 23:14:18.622,2.9007769999999997,3.2089264e+07,1.0359751e+07,3.605928e+06,4.552153e+06,4.032359e+06,2.61535e+06,2.357004e+06
2024-11-12 23:14:30.617,2.9007759999999996,3.2090464e+07,1.0357201e+07,3.604755e+06,4.545113e+06,4.035403e+06,2.611703e+06,2.352902e+06
2024-11-12 23:14:42.647,2.9007750000000003,3.2064052e+07,1.0360069e+07,3.606808e+06,4.550934e+06,4.027501e+06,2.606043e+06,2.351411e+06
2024-11-12 23:14:54.622,2.900779,3.2069798e+07,1.036655e+07,3.601896e+06,4.551312e+06,4.035295e+06,2.608992e+06,2.355956e+06
2024-11-12 23:15:06.622,2.9007759999999996,3.2060424e+07,1.0350838e+07,3.60499e+06,4.54702e+06,4.028111e+06,2.605984e+06,2.349135e+06
2024-11-12 23:15:18.622,2.900774,3.2045568e+07,1.0343795e+07,3.605396e+06,4.552696e+06,4.030942e+06,2.607349e+06,2.345153e+06
2024-11-12 23:15:30.622,2.900775,3.2047556e+07,1.0329261e+07,3.606349e+06,4.543764e+06,4.031746e+06,2.609747e+06,2.35114e+06
2024-11-12 23:15:42.622,2.900778,3.2044354e+07,1.0340437e+07,3.604667e+06,4.5427e+06,4.035463e+06,2.614113e+06,2.347226e+06
2024-11-12 23:15:54.622,2.900774,3.2034532e+07,1.0334713e+07,3.608399e+06,4.549121e+06,4.030952e+06,2.613239e+06,2.350873e+06
2024-11-12 23:16:06.622,2.9007769999999997,3.2018824e+07,1.0343935e+07,3.610775e+06,4.550011e+06,4.032245e+06,2.613588e+06,2.346774e+06
2024-11-12 23:16:18.622,2.9007750000000003,3.2031586e+07,1.0346362e+07,3.607937e+06,4.548814e+06,4.033219e+06,2.61335e+06,2.347443e+06
2024-11-12 23:16:30.622,2.9007759999999996,3.2027108e+07,1.0357652e+07,3.610644e+06,4.549483e+06,4.039493e+06,2.615235e+06,2.350155e+06
2024-11-12 23:16:42.646,2.900778,3.20193e+07,1.0370865e+07,3.606479e+06,4.554146e+06,4.039099e+06,2.610098e+06,2.34369e+06
2024-11-12 23:16:54.615,2.900778,3.202216e+07,1.0376687e+07,3.606937e+06,4.556507e+06,4.040676e+06,2.605823e+06,2.344824e+06
2024-11-12 23:17:06.622,2.9007769999999997,3.2030602e+07,1.0359359e+07,3.605804e+06,4.546141e+06,4.037616e+06,2.609624e+06,2.345193e+06
2024-11-12 23:17:18.622,2.900778,3.2028932e+07,1.0362134e+07,3.603827e+06,4.549789e+06,4.040274e+06,2.602918e+06,2.34481e+06
2024-11-12 23:17:30.622,2.90078,3.2051276e+07,1.0364329e+07,3.606872e+06,4.551802e+06,4.02892e+06,2.604904e+06,2.345005e+06
2024-11-12 23:17:42.622,2.90078,3.2030534e+07,1.0342451e+07,3.604034e+06,4.557746e+06,4.019098e+06,2.606208e+06,2.347054e+06
2024-11-12 23:17:54.622,2.900778,3.2058848e+07,1.0344584e+07,3.602037e+06,4.55099e+06,4.022492e+06,2.604587e+06,2.344945e+06
2024-11-12 23:18:06.622,2.900779,3.2068604e+07,1.0336425e+07,3.606894e+06,4.551388e+06,4.022141e+06,2.60514e+06,2.346147e+06
2024-11-12 23:18:18.622,2.900778,3.2096096e+07,1.0328724e+07,3.607729e+06,4.548284e+06,4.022509e+06,2.604594e+06,2.346748e+06
2024-11-12 23:18:30.622,2.900776,3.2075716e+07,1.0329763e+07,3.608942e+06,4.549959e+06,4.023673e+06,2.609706e+06,2.348029e+06
2024-11-12 23:18:42.622,2.900776,3.2071792e+07,1.0322494e+07,3.606489e+06,4.553918e+06,4.015963e+06,2.603575e+06,2.347538e+06
2024-11-12 23:18:54.622,2.900778,3.209046e+07,1.032314e+07,3.603734e+06,4.54807e+06,4.019959e+06,2.60563e+06,2.345775e+06
2024-11-12 23:19:06.615,2.900778,3.2073768e+07,1.0315225e+07,3.605079e+06,4.544276e+06,4.014978e+06,2.604627e+06,2.348179e+06
2024-11-12 23:19:18.622,2.90078,3.209084e+07,1.0346269e+07,3.602443e+06,4.543614e+06,4.018524e+06,2.606391e+06,2.344678e+06
2024-11-12 23:19:30.622,2.900779,3.2089234e+07,1.0340279e+07,3.604223e+06,4.549646e+06,4.020019e+06,2.609664e+06,2.345157e+06
2024-11-12 23:19:42.615,2.900779,3.207466e+07,1.032744e+07,3.607594e+06,4.552664e+06,4.025924e+06,2.605393e+06,2.342527e+06
2024-11-12 23:19:54.622,2.900781,3.20754e+07,1.032647e+07,3.607435e+06,4.544176e+06,4.033392e+06,2.605347e+06,2.342555e+06
2024-11-12 23:20:06.622,2.900778,3.2087558e+07,1.0333956e+07,3.603669e+06,4.545665e+06,4.039095e+06,2.603923e+06,2.347408e+06
2024-11-12 23:20:18.622,2.9007759999999996,3.2075382e+07,1.0326546e+07,3.600419e+06,4.547007e+06,4.039458e+06,2.607145e+06,2.344212e+06
2024-11-12 23:20:30.622,2.9007769999999997,3.2076168e+07,1.033681e+07,3.602032e+06,4.542876e+06,4.041819e+06,2.606223e+06,2.340888e+06
2024-11-12 23:20:42.616,2.900778,3.2074468e+07,1.0339155e+07,3.602614e+06,4.544093e+06,4.035793e+06,2.606168e+06,2.339655e+06
2024-11-12 23:20:54.622,2.900779,3.205994e+07,1.0346911e+07,3.604113e+06,4.553233e+06,4.034021e+06,2.602698e+06,2.341935e+06
2024-11-12 23:21:06.622,2.900778,3.2048156e+07,1.0355105e+07,3.603404e+06,4.544677e+06,4.033545e+06,2.604522e+06,2.340708e+06
2024-11-12 23:21:18.622,2.900775,3.2059408e+07,1.0399219e+07,3.599697e+06,4.542091e+06,4.030748e+06,2.600142e+06,2.340078e+06
2024-11-12 23:21:30.622,2.9007759999999996,3.2043664e+07,1.0401588e+07,3.601043e+06,4.548632e+06,4.024947e+06,2.600766e+06,2.334814e+06
2024-11-12 23:21:42.622,2.9007769999999997,3.2038596e+07,1.0482304e+07,3.593833e+06,4.548328e+06,4.02417e+06,2.599234e+06,2.337336e+06
2024-11-12 23:21:54.622,2.900778,3.2066308e+07,1.0521773e+07,3.596608e+06,4.552446e+06,4.023287e+06,2.601614e+06,2.338657e+06
2024-11-12 23:22:06.622,2.900778,3.2060142e+07,1.0514007e+07,3.59706e+06,4.548316e+06,4.016985e+06,2.595491e+06,2.343221e+06
2024-11-12 23:22:18.622,2.900778,3.206958e+07,1.0483804e+07,3.593178e+06,4.546581e+06,4.024148e+06,2.602473e+06,2.342648e+06
2024-11-12 23:22:30.622,2.900779,3.206464e+07,1.0470433e+07,3.596508e+06,4.548167e+06,4.020809e+06,2.598099e+06,2.340537e+06
2024-11-12 23:22:42.639,2.900778,3.20803e+07,1.0464555e+07,3.595047e+06,4.549308e+06,4.022016e+06,2.602631e+06,2.336014e+06
2024-11-12 23:22:54.615,2.900779,3.2073704e+07,1.0455571e+07,3.595954e+06,4.543244e+06,4.01532e+06,2.602683e+06,2.341182e+06
2024-11-12 23:23:06.622,2.90078,3.2070912e+07,1.0474423e+07,3.59072e+06,4.547286e+06,4.013003e+06,2.597065e+06,2.335536e+06
2024-11-12 23:23:18.622,2.900778,3.2084644e+07,1.0523224e+07,3.594929e+06,4.552241e+06,4.006514e+06,2.597388e+06,2.32804e+06
2024-11-12 23:23:30.616,2.900781,3.2063308e+07,1.0573543e+07,3.592099e+06,4.553544e+06,4.009691e+06,2.598003e+06,2.327296e+06
2024-11-12 23:23:42.622,2.900779,3.2079518e+07,1.0674471e+07,3.597638e+06,4.552463e+06,4.011615e+06,2.597051e+06,2.327805e+06
2024-11-12 23:23:54.622,2.900781,3.2094612e+07,1.0678066e+07,3.592374e+06,4.555495e+06,4.016435e+06,2.592904e+06,2.329851e+06
2024-11-12 23:24:06.622,2.9007799999999997,3.2065494e+07,1.0671001e+07,3.591859e+06,4.55447e+06,4.01275e+06,2.597154e+06,2.328666e+06
2024-11-12 23:24:18.622,2.9007759999999996,3.2098844e+07,1.0712533e+07,3.592157e+06,4.555733e+06,4.00986e+06,2.603234e+06,2.324004e+06
2024-11-12 23:24:30.622,2.9007799999999997,3.208888e+07,1.0719308e+07,3.60147e+06,4.554055e+06,4.006565e+06,2.600822e+06,2.32767e+06
2024-11-12 23:24:42.622,2.900779,3.2083308e+07,1.072864e+07,3.600853e+06,4.558127e+06,4.009065e+06,2.597731e+06,2.32375e+06
2024-11-12 23:24:54.630,2.900775,3.2090752e+07,1.0751952e+07,3.600072e+06,4.556266e+06,4.006808e+06,2.601031e+06,2.321957e+06
2024-11-12 23:25:06.622,2.900778,3.2093674e+07,1.0751979e+07,3.599646e+06,4.555137e+06,4.00585e+06,2.600646e+06,2.324382e+06
2024-11-12 23:25:18.622,2.90078,3.2096548e+07,1.0715262e+07,3.602319e+06,4.561437e+06,3.998908e+06,2.601827e+06,2.325777e+06
2024-11-12 23:25:30.622,2.9007799999999997,3.2084232e+07,1.0726281e+07,3.598894e+06,4.557775e+06,4.001402e+06,2.600483e+06,2.323828e+06
2024-11-12 23:25:42.622,2.9007769999999997,3.208104e+07,1.0713673e+07,3.601276e+06,4.569614e+06,3.996083e+06,2.600898e+06,2.322541e+06
2024-11-12 23:25:54.622,2.90078,3.2049204e+07,1.0729001e+07,3.604271e+06,4.563553e+06,3.997573e+06,2.601024e+06,2.322531e+06
2024-11-12 23:26:06.622,2.9007769999999997,3.2066004e+07,1.0752021e+07,3.599856e+06,4.555668e+06,3.989546e+06,2.59796e+06,2.326239e+06
2024-11-12 23:26:18.622,2.9007769999999997,3.2035068e+07,1.0778264e+07,3.599219e+06,4.563771e+06,4.001945e+06,2.600567e+06,2.321897e+06
2024-11-12 23:26:30.622,2.9007769999999997,3.2047698e+07,1.0812723e+07,3.604237e+06,4.560825e+06,4.007926e+06,2.598743e+06,2.328833e+06
2024-11-12 23:26:42.639,2.9007769999999997,3.2050958e+07,1.0857639e+07,3.59906e+06,4.560783e+06,4.006012e+06,2.597086e+06,2.323775e+06
2024-11-12 23:26:54.615,2.9007769999999997,3.2069312e+07,1.0896128e+07,3.602581e+06,4.558484e+06,4.000463e+06,2.594733e+06,2.322911e+06
2024-11-12 23:27:06.622,2.900778,3.2047704e+07,1.0920554e+07,3.594057e+06,4.560418e+06,4.000727e+06,2.595047e+06,2.324842e+06
2024-11-12 23:27:18.622,2.9007769999999997,3.2046764e+07,1.0938885e+07,3.600059e+06,4.563766e+06,3.997296e+06,2.595682e+06,2.319457e+06
2024-11-12 23:27:30.622,2.9007769999999997,3.2045876e+07,1.097539e+07,3.600044e+06,4.56332e+06,3.99311e+06,2.599551e+06,2.31963e+06
2024-11-12 23:27:42.615,2.9007750000000003,3.2046898e+07,1.095929e+07,3.600258e+06,4.563566e+06,3.995902e+06,2.594181e+06,2.317135e+06
2024-11-12 23:27:54.622,2.900775,3.2054318e+07,1.1081776e+07,3.598029e+06,4.562065e+06,3.996903e+06,2.600153e+06,2.321018e+06
2024-11-12 23:28:06.622,2.9007759999999996,3.2038636e+07,1.1232776e+07,3.596511e+06,4.56559e+06,3.994363e+06,2.599901e+06,2.31953e+06
2024-11-12 23:28:18.622,2.9007769999999997,3.2057384e+07,1.1255067e+07,3.596869e+06,4.558281e+06,3.999178e+06,2.600249e+06,2.321005e+06
2024-11-12 23:28:30.622,2.900779,3.20597e+07,1.1313908e+07,3.599242e+06,4.552124e+06,3.996929e+06,2.598827e+06,2.32043e+06
2024-11-12 23:28:42.639,2.9007769999999997,3.2046048e+07,1.1344115e+07,3.597715e+06,4.564585e+06,3.996029e+06,2.597951e+06,2.318845e+06
2024-11-12 23:28:54.630,2.900775,3.20372e+07,1.1389629e+07,3.592242e+06,4.557965e+06,3.988727e+06,2.59841e+06,2.315763e+06
2024-11-12 23:29:06.622,2.9007769999999997,3.2037788e+07,1.1427177e+07,3.595132e+06,4.561042e+06,3.993602e+06,2.596505e+06,2.321489e+06
2024-11-12 23:29:18.616,2.900775,3.2043948e+07,1.1468086e+07,3.594584e+06,4.562705e+06,3.99681e+06,2.596622e+06,2.320269e+06
2024-11-12 23:29:30.622,2.9007759999999996,3.2048534e+07,1.1472977e+07,3.591332e+06,4.556714e+06,3.99511e+06,2.597475e+06,2.318312e+06
2024-11-12 23:29:42.622,2.9007769999999997,3.205759e+07,1.1463898e+07,3.594275e+06,4.555223e+06,3.995682e+06,2.598792e+06,2.319063e+06
2024-11-12 23:29:54.622,2.900778,3.2068178e+07,1.1459557e+07,3.591979e+06,4.554786e+06,3.995332e+06,2.597819e+06,2.323588e+06
2024-11-12 23:30:06.622,2.900779,3.2080308e+07,1.1428821e+07,3.59266e+06,4.558387e+06,3.994928e+06,2.594037e+06,2.326199e+06
2024-11-12 23:30:18.622,2.900776,3.2072648e+07,1.1402566e+07,3.589882e+06,4.550718e+06,4.005668e+06,2.595693e+06,2.31931e+06
2024-11-12 23:30:30.622,2.900781,3.2063278e+07,1.1376643e+07,3.591415e+06,4.5514e+06,4.005745e+06,2.60252e+06,2.320351e+06
2024-11-12 23:30:42.622,2.900778,3.206137e+07,1.1333596e+07,3.590085e+06,4.548483e+06,4.011528e+06,2.604359e+06,2.32128e+06
2024-11-12 23:30:54.630,2.9007769999999997,3.2058704e+07,1.1287129e+07,3.588005e+06,4.549614e+06,4.008655e+06,2.599851e+06,2.320297e+06
2024-11-12 23:31:06.622,2.9007759999999996,3.2084766e+07,1.1243897e+07,3.58877e+06,4.551335e+06,4.014453e+06,2.6005e+06,2.319282e+06
2024-11-12 23:31:18.622,2.9007769999999997,3.2077744e+07,1.1225325e+07,3.587783e+06,4.552571e+06,4.013923e+06,2.601021e+06,2.320901e+06
2024-11-12 23:31:30.654,2.900778,3.2087e+07,1.1201582e+07,3.591354e+06,4.549953e+06,4.016841e+06,2.600546e+06,2.315753e+06
2024-11-12 23:31:42.630,2.900779,3.2080712e+07,1.1187896e+07,3.591383e+06,4.551916e+06,4.014012e+06,2.600988e+06,2.318001e+06
2024-11-12 23:31:54.622,2.90078,3.2057888e+07,1.1188506e+07,3.595081e+06,4.555841e+06,4.015601e+06,2.60496e+06,2.313565e+06
2024-11-12 23:32:06.622,2.900779,3.2070634e+07,1.1164525e+07,3.590024e+06,4.54818e+06,4.010257e+06,2.604512e+06,2.313131e+06
2024-11-12 23:32:18.622,2.900778,3.2070894e+07,1.1157474e+07,3.590373e+06,4.551608e+06,4.011735e+06,2.602731e+06,2.316684e+06
2024-11-12 23:32:30.622,2.900778,3.20755e+07,1.1147436e+07,3.589514e+06,4.558132e+06,4.013062e+06,2.608977e+06,2.310753e+06
2024-11-12 23:32:42.622,2.900778,3.2070196e+07,1.1143163e+07,3.588117e+06,4.554579e+06,4.014206e+06,2.604282e+06,2.3133e+06
2024-11-12 23:32:54.622,2.9007769999999997,3.2069532e+07,1.1138463e+07,3.586947e+06,4.559161e+06,4.0156e+06,2.603757e+06,2.313333e+06
2024-11-12 23:33:06.622,2.9007750000000003,3.208812e+07,1.1129198e+07,3.589582e+06,4.549498e+06,4.010296e+06,2.60275e+06,2.311919e+06
2024-11-12 23:33:18.623,2.900778,3.2083296e+07,1.1141644e+07,3.592641e+06,4.55022e+06,4.006887e+06,2.599168e+06,2.312403e+06
2024-11-12 23:33:30.622,2.9007750000000003,3.2077192e+07,1.1139137e+07,3.589213e+06,4.553769e+06,4.012357e+06,2.603865e+06,2.315004e+06
2024-11-12 23:33:42.622,2.9007769999999997,3.2067132e+07,1.113271e+07,3.591283e+06,4.55251e+06,4.009193e+06,2.606894e+06,2.314261e+06
2024-11-12 23:33:54.622,2.9007769999999997,3.205267e+07,1.113461e+07,3.58931e+06,4.545327e+06,4.002162e+06,2.60359e+06,2.307895e+06
2024-11-12 23:34:06.638,2.9007769999999997,3.2053982e+07,1.1143758e+07,3.591303e+06,4.551565e+06,3.994431e+06,2.605957e+06,2.316271e+06
2024-11-12 23:34:18.622,2.9007749999999994,3.2060824e+07,1.1136702e+07,3.587664e+06,4.552552e+06,4.003649e+06,2.605526e+06,2.307147e+06
2024-11-12 23:34:30.622,2.9007759999999996,3.2055644e+07,1.1134867e+07,3.593149e+06,4.557063e+06,4.005445e+06,2.604716e+06,2.311451e+06
2024-11-12 23:34:42.639,2.9007759999999996,3.2057424e+07,1.1130245e+07,3.590068e+06,4.549971e+06,3.998935e+06,2.596566e+06,2.308346e+06
2024-11-12 23:34:54.616,2.9007769999999997,3.208338e+07,1.1135287e+07,3.589362e+06,4.552714e+06,3.997594e+06,2.596363e+06,2.311256e+06
2024-11-12 23:35:06.622,2.900776,3.207376e+07,1.114406e+07,3.591362e+06,4.549629e+06,3.996846e+06,2.600135e+06,2.311786e+06
2024-11-12 23:35:18.622,2.900776,3.2073836e+07,1.1131485e+07,3.596335e+06,4.550297e+06,3.996465e+06,2.59664e+06,2.307467e+06
2024-11-12 23:35:30.630,2.900779,3.2074614e+07,1.1120386e+07,3.593406e+06,4.548671e+06,3.996035e+06,2.596416e+06,2.309094e+06
2024-11-12 23:35:42.615,2.9007769999999997,3.2053348e+07,1.1104671e+07,3.594285e+06,4.542663e+06,3.986668e+06,2.597743e+06,2.311197e+06
2024-11-12 23:35:54.622,2.900778,3.2073588e+07,1.1070792e+07,3.594331e+06,4.54851e+06,3.990954e+06,2.596177e+06,2.313108e+06
2024-11-12 23:36:06.622,2.900775,3.2061514e+07,1.1063109e+07,3.591133e+06,4.545113e+06,3.990919e+06,2.598037e+06,2.310404e+06
2024-11-12 23:36:18.647,2.9007769999999997,3.2068664e+07,1.1080908e+07,3.594245e+06,4.549451e+06,3.987909e+06,2.599749e+06,2.312456e+06
2024-11-12 23:36:30.622,2.9007759999999996,3.2069018e+07,1.1047952e+07,3.593759e+06,4.546858e+06,3.985128e+06,2.596523e+06,2.31164e+06
2024-11-12 23:36:42.622,2.900775,3.2059266e+07,1.0998452e+07,3.593652e+06,4.543973e+06,3.983885e+06,2.604886e+06,2.30694e+06
2024-11-12 23:36:54.642,2.900776,3.204534e+07,1.0984024e+07,3.594416e+06,4.548226e+06,3.978026e+06,2.607167e+06,2.304935e+06
2024-11-12 23:37:06.622,2.9007759999999996,3.2047772e+07,1.0952665e+07,3.592258e+06,4.541009e+06,3.98145e+06,2.606622e+06,2.305287e+06
2024-11-12 23:37:18.622,2.9007749999999994,3.2034992e+07,1.0908433e+07,3.59342e+06,4.543711e+06,3.983509e+06,2.601251e+06,2.303175e+06
2024-11-12 23:37:30.622,2.900775,3.203996e+07,1.0893808e+07,3.593619e+06,4.552366e+06,3.989117e+06,2.605225e+06,2.298634e+06
2024-11-12 23:37:42.615,2.900776,3.2041028e+07,1.0882007e+07,3.593298e+06,4.542208e+06,3.98709e+06,2.601019e+06,2.307409e+06
2024-11-12 23:37:54.622,2.900778,3.2040772e+07,1.0867013e+07,3.592129e+06,4.548051e+06,3.987581e+06,2.605734e+06,2.30367e+06
2024-11-12 23:38:06.622,2.9007769999999997,3.203966e+07,1.0845356e+07,3.593444e+06,4.545574e+06,3.987955e+06,2.605233e+06,2.301592e+06
2024-11-12 23:38:18.622,2.9007769999999997,3.2034344e+07,1.0825837e+07,3.591739e+06,4.546235e+06,3.992565e+06,2.601158e+06,2.302498e+06
2024-11-12 23:38:30.622,2.900776,3.2035626e+07,1.0807845e+07,3.591717e+06,4.546774e+06,3.996453e+06,2.607559e+06,2.29802e+06
2024-11-12 23:38:42.622,2.9007759999999996,3.2040264e+07,1.0810464e+07,3.591212e+06,4.544339e+06,4.004936e+06,2.607591e+06,2.301859e+06
2024-11-12 23:38:54.622,2.9007769999999997,3.2047116e+07,1.0808393e+07,3.589238e+06,4.542077e+06,4.001184e+06,2.602914e+06,2.303664e+06
2024-11-12 23:39:06.615,2.900775,3.2049244e+07,1.0791923e+07,3.590062e+06,4.542999e+06,4.002393e+06,2.604825e+06,2.298141e+06
2024-11-12 23:39:18.622,2.900775,3.2018612e+07,1.0785586e+07,3.589452e+06,4.538433e+06,4.000791e+06,2.606134e+06,2.301534e+06
2024-11-12 23:39:30.622,2.900775,3.2034124e+07,1.0792073e+07,3.586e+06,4.545183e+06,3.997148e+06,2.602001e+06,2.297074e+06
2024-11-12 23:39:42.616,2.9007749999999994,3.2032148e+07,1.079325e+07,3.579564e+06,4.546696e+06,3.997845e+06,2.602704e+06,2.299021e+06
2024-11-12 23:39:54.622,2.900774,3.2043224e+07,1.0789646e+07,3.586265e+06,4.540469e+06,3.994401e+06,2.600515e+06,2.301137e+06
2024-11-12 23:40:06.622,2.9007759999999996,3.205856e+07,1.0784616e+07,3.581643e+06,4.544924e+06,3.997936e+06,2.602577e+06,2.303421e+06
2024-11-12 23:40:18.622,2.900773,3.2045854e+07,1.07677e+07,3.584035e+06,4.542469e+06,4.00215e+06,2.604071e+06,2.302865e+06
2024-11-12 23:40:30.622,2.9007769999999997,3.205636e+07,1.0756458e+07,3.584425e+06,4.542038e+06,4.000836e+06,2.60501e+06,2.301702e+06
2024-11-12 23:40:42.624,2.900778,3.2049064e+07,1.075413e+07,3.581771e+06,4.537526e+06,4.003042e+06,2.609267e+06,2.299057e+06
2024-11-12 23:40:54.622,2.900774,3.2064216e+07,1.0730584e+07,3.583318e+06,4.536635e+06,3.997593e+06,2.606484e+06,2.300937e+06
2024-11-12 23:41:06.622,2.9007759999999996,3.2058284e+07,1.073902e+07,3.587443e+06,4.53707e+06,3.995018e+06,2.611195e+06,2.302023e+06
2024-11-12 23:41:18.616,2.900775,3.2098908e+07,1.0714827e+07,3.578481e+06,4.536843e+06,3.998808e+06,2.607522e+06,2.298e+06
2024-11-12 23:41:30.622,2.9007769999999997,3.2097404e+07,1.0707524e+07,3.58064e+06,4.532886e+06,4.002588e+06,2.611302e+06,2.299275e+06
2024-11-12 23:41:42.622,2.9007759999999996,3.2104096e+07,1.0698152e+07,3.58401e+06,4.533697e+06,4.002464e+06,2.608277e+06,2.296569e+06
2024-11-12 23:41:54.622,2.9007759999999996,3.2110168e+07,1.0697074e+07,3.583156e+06,4.536478e+06,3.998472e+06,2.609987e+06,2.29536e+06
2024-11-12 23:42:06.622,2.900778,3.2099364e+07,1.069612e+07,3.584009e+06,4.543654e+06,3.99938e+06,2.608247e+06,2.296627e+06
2024-11-12 23:42:18.622,2.900775,3.2115444e+07,1.0700472e+07,3.5854e+06,4.54356e+06,4.008658e+06,2.610689e+06,2.299562e+06
2024-11-12 23:42:30.622,2.900774,3.2116168e+07,1.0686624e+07,3.587519e+06,4.537024e+06,4.007765e+06,2.611431e+06,2.300006e+06
2024-11-12 23:42:42.622,2.900773,3.2152472e+07,1.0705693e+07,3.588665e+06,4.537502e+06,4.005057e+06,2.606011e+06,2.299008e+06
2024-11-12 23:42:54.623,2.900772,3.2167784e+07,1.0700244e+07,3.583229e+06,4.535754e+06,4.001282e+06,2.605331e+06,2.298754e+06
2024-11-12 23:43:06.622,2.900773,3.2176992e+07,1.0692971e+07,3.581748e+06,4.537566e+06,4.006959e+06,2.609317e+06,2.297006e+06
2024-11-12 23:43:18.622,2.900774,3.223604e+07,1.0693926e+07,3.581998e+06,4.541998e+06,4.005934e+06,2.609548e+06,2.29877e+06
2024-11-12 23:43:30.622,2.9007759999999996,3.2234312e+07,1.0679258e+07,3.585436e+06,4.54272e+06,4.007281e+06,2.613413e+06,2.295561e+06
2024-11-12 23:43:42.622,2.9007769999999997,3.2263556e+07,1.0671608e+07,3.58231e+06,4.541623e+06,4.003383e+06,2.603353e+06,2.2954e+06
2024-11-12 23:43:54.622,2.900778,3.2306104e+07,1.0654106e+07,3.583065e+06,4.540102e+06,4.00517e+06,2.60747e+06,2.298875e+06
2024-11-12 23:44:06.622,2.900781,3.2354584e+07,1.0645995e+07,3.581021e+06,4.541876e+06,4.0022e+06,2.611593e+06,2.294112e+06
2024-11-12 23:44:18.622,2.900776,3.239908e+07,1.0653281e+07,3.579398e+06,4.541974e+06,4.001559e+06,2.609088e+06,2.298162e+06
2024-11-12 23:44:30.622,2.9007769999999997,3.2431232e+07,1.0640398e+07,3.575845e+06,4.542611e+06,4.002469e+06,2.60484e+06,2.293322e+06
2024-11-12 23:44:42.622,2.900775,3.2493416e+07,1.0626345e+07,3.580324e+06,4.54899e+06,4.007109e+06,2.604669e+06,2.296894e+06
2024-11-12 23:44:54.647,2.9007759999999996,3.2545784e+07,1.0622446e+07,3.579063e+06,4.545996e+06,4.011036e+06,2.611428e+06,2.294892e+06
2024-11-12 23:45:06.622,2.900776,3.2561688e+07,1.0619094e+07,3.576175e+06,4.544638e+06,4.008338e+06,2.611778e+06,2.295092e+06
2024-11-12 23:45:18.622,2.900776,3.2585556e+07,1.0607037e+07,3.580189e+06,4.54546e+06,4.014375e+06,2.611678e+06,2.294163e+06
2024-11-12 23:45:30.622,2.9007769999999997,3.2624944e+07,1.0615455e+07,3.574199e+06,4.544308e+06,4.018444e+06,2.609696e+06,2.294682e+06
2024-11-12 23:45:42.615,2.9007769999999997,3.2657948e+07,1.0597056e+07,3.580078e+06,4.548426e+06,4.008845e+06,2.609856e+06,2.291936e+06
2024-11-12 23:45:54.622,2.900776,3.2682572e+07,1.0610507e+07,3.574169e+06,4.548335e+06,4.011608e+06,2.602081e+06,2.294529e+06
2024-11-12 23:46:06.622,2.900778,3.268847e+07,1.0616976e+07,3.580176e+06,4.547756e+06,4.016449e+06,2.603532e+06,2.294501e+06
2024-11-12 23:46:18.646,2.9007769999999997,3.26771e+07,1.0601059e+07,3.580891e+06,4.54818e+06,4.019672e+06,2.601574e+06,2.292057e+06
2024-11-12 23:46:30.622,2.9007769999999997,3.2685272e+07,1.0612059e+07,3.577472e+06,4.5488e+06,4.020898e+06,2.605153e+06,2.296443e+06
2024-11-12 23:46:42.623,2.9007779999999994,3.2682828e+07,1.0613155e+07,3.576237e+06,4.552838e+06,4.021602e+06,2.606768e+06,2.298333e+06
2024-11-12 23:46:54.622,2.900778,3.2685882e+07,1.0623114e+07,3.576954e+06,4.556105e+06,4.025471e+06,2.601396e+06,2.297995e+06
2024-11-12 23:47:06.622,2.9007759999999996,3.2691996e+07,1.0632292e+07,3.575118e+06,4.551905e+06,4.021311e+06,2.59745e+06,2.293234e+06
2024-11-12 23:47:18.615,2.9007769999999997,3.2682294e+07,1.0671432e+07,3.577922e+06,4.55438e+06,4.016928e+06,2.603191e+06,2.294143e+06
2024-11-12 23:47:30.622,2.900775,3.2704732e+07,1.0703588e+07,3.581272e+06,4.553898e+06,4.023951e+06,2.599774e+06,2.291093e+06
2024-11-12 23:47:42.622,2.900775,3.2673516e+07,1.0712465e+07,3.578748e+06,4.565038e+06,4.024839e+06,2.602304e+06,2.290991e+06
2024-11-12 23:47:54.622,2.900775,3.2640976e+07,1.0697548e+07,3.5794e+06,4.561827e+06,4.026605e+06,2.595641e+06,2.290707e+06
2024-11-12 23:48:06.622,2.9007759999999996,3.2625668e+07,1.070464e+07,3.581795e+06,4.564508e+06,4.025145e+06,2.601575e+06,2.287693e+06
2024-11-12 23:48:18.622,2.9007769999999997,3.2605712e+07,1.0715583e+07,3.577542e+06,4.563432e+06,4.018074e+06,2.602704e+06,2.283382e+06
2024-11-12 23:48:30.630,2.9007769999999997,3.2616192e+07,1.0701314e+07,3.579939e+06,4.564854e+06,4.020628e+06,2.606043e+06,2.283181e+06
2024-11-12 23:48:42.630,2.900778,3.2592846e+07,1.068931e+07,3.577172e+06,4.557508e+06,4.015029e+06,2.606746e+06,2.280169e+06
2024-11-12 23:48:54.622,2.900774,3.2578448e+07,1.0668629e+07,3.5795e+06,4.557304e+06,4.012493e+06,2.607778e+06,2.282386e+06
2024-11-12 23:49:06.622,2.900775,3.2542184e+07,1.0671263e+07,3.576206e+06,4.558881e+06,4.020052e+06,2.608213e+06,2.28207e+06
2024-11-12 23:49:18.616,2.9007759999999996,3.2531728e+07,1.0667925e+07,3.576919e+06,4.557691e+06,4.027452e+06,2.60776e+06,2.274619e+06
2024-11-12 23:49:30.622,2.900775,3.2512484e+07,1.0671462e+07,3.571796e+06,4.563768e+06,4.027843e+06,2.609098e+06,2.280692e+06
2024-11-12 23:49:42.622,2.900776,3.251492e+07,1.0684324e+07,3.57058e+06,4.558488e+06,4.026416e+06,2.611579e+06,2.278481e+06
2024-11-12 23:49:54.622,2.900775,3.2474356e+07,1.0674715e+07,3.573643e+06,4.562788e+06,4.017786e+06,2.607168e+06,2.274001e+06
2024-11-12 23:50:06.622,2.900775,3.2461798e+07,1.068341e+07,3.57022e+06,4.554384e+06,4.019269e+06,2.606776e+06,2.276097e+06
2024-11-12 23:50:18.622,2.9007709999999998,3.2470232e+07,1.0709643e+07,3.570101e+06,4.559535e+06,4.034919e+06,2.606853e+06,2.271085e+06
2024-11-12 23:50:30.623,2.9007739999999997,3.2449248e+07,1.0716353e+07,3.572224e+06,4.568815e+06,4.035929e+06,2.611782e+06,2.275134e+06
2024-11-12 23:50:42.622,2.9007739999999997,3.243487e+07,1.0719794e+07,3.56689e+06,4.559078e+06,4.027324e+06,2.605618e+06,2.272149e+06
2024-11-12 23:50:54.623,2.900778,3.24271e+07,1.0722151e+07,3.56795e+06,4.565691e+06,4.032034e+06,2.608567e+06,2.262592e+06
2024-11-12 23:51:06.622,2.900772,3.2425608e+07,1.0727221e+07,3.56733e+06,4.568775e+06,4.031145e+06,2.60664e+06,2.264617e+06
2024-11-12 23:51:18.622,2.900775,3.2406084e+07,1.0729919e+07,3.569369e+06,4.568073e+06,4.030151e+06,2.607503e+06,2.261398e+06
2024-11-12 23:51:30.622,2.900778,3.2399468e+07,1.0732548e+07,3.559992e+06,4.566702e+06,4.026639e+06,2.606307e+06,2.261367e+06
2024-11-12 23:51:42.615,2.900773,3.238426e+07,1.0733656e+07,3.562574e+06,4.569961e+06,4.027489e+06,2.606658e+06,2.258929e+06
2024-11-12 23:51:54.622,2.900776,3.2386224e+07,1.073269e+07,3.563201e+06,4.564322e+06,4.03111e+06,2.607483e+06,2.259983e+06
2024-11-12 23:52:06.622,2.900776,3.236308e+07,1.0739697e+07,3.567341e+06,4.567916e+06,4.029295e+06,2.605621e+06,2.258601e+06
2024-11-12 23:52:18.622,2.900773,3.2366588e+07,1.0745578e+07,3.569571e+06,4.56482e+06,4.035183e+06,2.604509e+06,2.260264e+06
2024-11-12 23:52:30.622,2.900773,3.2371156e+07,1.0760631e+07,3.56944e+06,4.562827e+06,4.033991e+06,2.606501e+06,2.260205e+06
2024-11-12 23:52:42.622,2.900774,3.2374228e+07,1.0751095e+07,3.567198e+06,4.561383e+06,4.031823e+06,2.605669e+06,2.262068e+06
2024-11-12 23:52:54.622,2.900774,3.2406888e+07,1.0784659e+07,3.562899e+06,4.563694e+06,4.030691e+06,2.605541e+06,2.258123e+06
2024-11-12 23:53:06.622,2.900776,3.2409616e+07,1.0805412e+07,3.567361e+06,4.56514e+06,4.02941e+06,2.606075e+06,2.258235e+06
2024-11-12 23:53:18.622,2.900774,3.238832e+07,1.0838238e+07,3.56282e+06,4.557195e+06,4.031889e+06,2.603502e+06,2.259974e+06
2024-11-12 23:53:30.622,2.9007750000000003,3.2393656e+07,1.0856955e+07,3.564674e+06,4.562972e+06,4.033738e+06,2.604716e+06,2.256727e+06
2024-11-12 23:53:42.647,2.900774,3.2377036e+07,1.0881192e+07,3.562431e+06,4.565145e+06,4.031781e+06,2.606823e+06,2.25872e+06
2024-11-12 23:53:54.622,2.900774,3.2372448e+07,1.0939294e+07,3.561978e+06,4.568294e+06,4.032641e+06,2.606271e+06,2.254285e+06
2024-11-12 23:54:06.622,2.900774,3.2365448e+07,1.0981403e+07,3.563096e+06,4.564901e+06,4.032664e+06,2.608291e+06,2.254929e+06
2024-11-12 23:54:18.622,2.900773,3.2372914e+07,1.1102202e+07,3.564661e+06,4.558176e+06,4.050295e+06,2.605001e+06,2.252734e+06
2024-11-12 23:54:30.622,2.900773,3.2336176e+07,1.1233358e+07,3.562319e+06,4.563022e+06,4.05093e+06,2.60777e+06,2.252879e+06
2024-11-12 23:54:42.622,2.900775,3.2331864e+07,1.1493876e+07,3.563679e+06,4.567331e+06,4.052708e+06,2.605352e+06,2.250912e+06
2024-11-12 23:54:54.622,2.900774,3.2329068e+07,1.1545042e+07,3.560952e+06,4.575372e+06,4.053134e+06,2.60439e+06,2.250274e+06
2024-11-12 23:55:06.622,2.9007739999999997,3.2329156e+07,1.1499934e+07,3.560516e+06,4.569513e+06,4.053852e+06,2.607144e+06,2.244945e+06
2024-11-12 23:55:18.622,2.900775,3.2320856e+07,1.148357e+07,3.563748e+06,4.573922e+06,4.058662e+06,2.604159e+06,2.24918e+06
2024-11-12 23:55:30.630,2.900774,3.2314444e+07,1.1564954e+07,3.559536e+06,4.575484e+06,4.056602e+06,2.607489e+06,2.249844e+06
2024-11-12 23:55:42.630,2.900775,3.2325496e+07,1.1519333e+07,3.55919e+06,4.576296e+06,4.056799e+06,2.605019e+06,2.250325e+06
2024-11-12 23:55:54.622,2.900772,3.2321808e+07,1.1495334e+07,3.56135e+06,4.569403e+06,4.049364e+06,2.604228e+06,2.248814e+06
2024-11-12 23:56:06.623,2.900776,3.2334072e+07,1.145026e+07,3.558043e+06,4.571821e+06,4.046744e+06,2.602449e+06,2.248568e+06
2024-11-12 23:56:18.622,2.9007750000000003,3.231153e+07,1.1549063e+07,3.556098e+06,4.570754e+06,4.047364e+06,2.602905e+06,2.249052e+06
2024-11-12 23:56:30.622,2.900775,3.2315892e+07,1.1546515e+07,3.556076e+06,4.579056e+06,4.049472e+06,2.606479e+06,2.252068e+06
2024-11-12 23:56:42.622,2.900775,3.229504e+07,1.1537982e+07,3.55533e+06,4.573032e+06,4.055734e+06,2.598804e+06,2.252427e+06
2024-11-12 23:56:54.622,2.900776,3.230726e+07,1.1504875e+07,3.552567e+06,4.569513e+06,4.064902e+06,2.589648e+06,2.250355e+06
2024-11-12 23:57:06.622,2.900773,3.2296872e+07,1.1476721e+07,3.552393e+06,4.570097e+06,4.075727e+06,2.591888e+06,2.253431e+06
2024-11-12 23:57:18.630,2.900772,3.2313746e+07,1.1531445e+07,3.550553e+06,4.571825e+06,4.073892e+06,2.594026e+06,2.257478e+06
2024-11-12 23:57:30.622,2.900772,3.2304196e+07,1.1494335e+07,3.554951e+06,4.577793e+06,4.072932e+06,2.593255e+06,2.250075e+06
2024-11-12 23:57:42.622,2.900775,3.230498e+07,1.1510267e+07,3.554809e+06,4.571602e+06,4.072552e+06,2.594588e+06,2.255922e+06
2024-11-12 23:57:54.622,2.900774,3.2293998e+07,1.1490265e+07,3.555615e+06,4.574663e+06,4.075719e+06,2.591278e+06,2.255145e+06
2024-11-12 23:58:06.622,2.900775,3.2306338e+07,1.1419055e+07,3.553133e+06,4.580853e+06,4.080776e+06,2.592915e+06,2.253447e+06
2024-11-12 23:58:18.622,2.900774,3.2305388e+07,1.1308689e+07,3.556155e+06,4.570923e+06,4.089684e+06,2.591435e+06,2.249836e+06
2024-11-12 23:58:30.622,2.900775,3.2294596e+07,1.1239852e+07,3.556169e+06,4.568326e+06,4.093805e+06,2.592748e+06,2.251499e+06
2024-11-12 23:58:42.622,2.900776,3.2290124e+07,1.1208305e+07,3.556432e+06,4.573597e+06,4.093855e+06,2.593981e+06,2.25142e+06
2024-11-12 23:58:54.622,2.900775,3.2304026e+07,1.1198464e+07,3.552786e+06,4.568228e+06,4.094295e+06,2.594621e+06,2.248009e+06
2024-11-12 23:59:06.622,2.900774,3.2284802e+07,1.1252452e+07,3.551986e+06,4.573335e+06,4.097828e+06,2.592233e+06,2.248867e+06
2024-11-12 23:59:18.622,2.900772,3.2283804e+07,1.1239391e+07,3.548034e+06,4.57104e+06,4.102121e+06,2.596571e+06,2.250235e+06
2024-11-12 23:59:30.622,2.900773,3.2286036e+07,1.1218104e+07,3.553436e+06,4.572807e+06,4.097527e+06,2.598063e+06,2.249095e+06
2024-11-12 23:59:42.622,2.900773,3.2253732e+07,1.1185417e+07,3.548966e+06,4.567788e+06,4.092205e+06,2.591922e+06,2.244175e+06
2024-11-12 23:59:54.622,2.900772,3.2242528e+07,1.1146383e+07,3.547678e+06,4.568605e+06,4.099776e+06,2.592386e+06,2.248209e+06
2024-11-13 00:00:06.622,2.900749,3.223997e+07,1.1085278e+07,3.547113e+06,4.565706e+06,4.103249e+06,2.594999e+06,2.246243e+06
2024-11-13 00:00:18.622,2.900775,3.2230624e+07,1.1076635e+07,3.547225e+06,4.56868e+06,4.100288e+06,2.592897e+06,2.245479e+06
2024-11-13 00:00:30.630,2.900772,3.2232344e+07,1.1074459e+07,3.541707e+06,4.563033e+06,4.093762e+06,2.597147e+06,2.247408e+06
2024-11-13 00:00:42.639,2.900772,3.221498e+07,1.1080963e+07,3.543403e+06,4.559483e+06,4.099378e+06,2.592345e+06,2.244009e+06
2024-11-13 00:00:54.622,2.9007709999999998,3.2223454e+07,1.1076704e+07,3.543668e+06,4.565644e+06,4.104979e+06,2.595403e+06,2.247902e+06
2024-11-13 00:01:06.622,2.9007739999999997,3.221335e+07,1.1020557e+07,3.544772e+06,4.562164e+06,4.103995e+06,2.595075e+06,2.251646e+06
2024-11-13 00:01:18.622,2.900772,3.2208528e+07,1.1007894e+07,3.54238e+06,4.557583e+06,4.108752e+06,2.597172e+06,2.246466e+06
2024-11-13 00:01:30.622,2.900774,3.2194336e+07,1.10055e+07,3.543817e+06,4.556864e+06,4.116519e+06,2.598982e+06,2.244138e+06
2024-11-13 00:01:42.622,2.900775,3.2183728e+07,1.1015972e+07,3.542136e+06,4.553107e+06,4.111373e+06,2.599313e+06,2.248302e+06
2024-11-13 00:01:54.630,2.900775,3.2169356e+07,1.1030984e+07,3.542452e+06,4.559717e+06,4.10999e+06,2.60018e+06,2.243612e+06
2024-11-13 00:02:06.622,2.900774,3.2156258e+07,1.1021237e+07,3.542476e+06,4.562228e+06,4.103503e+06,2.60409e+06,2.248839e+06
2024-11-13 00:02:18.622,2.900774,3.2164918e+07,1.1037977e+07,3.542472e+06,4.555571e+06,4.11183e+06,2.604634e+06,2.244491e+06
2024-11-13 00:02:30.622,2.9007750000000003,3.2153536e+07,1.1051807e+07,3.540064e+06,4.556136e+06,4.105855e+06,2.60491e+06,2.24566e+06
2024-11-13 00:02:42.630,2.900774,3.2170748e+07,1.110733e+07,3.53817e+06,4.560057e+06,4.104043e+06,2.604188e+06,2.246058e+06
2024-11-13 00:02:54.622,2.900775,3.2139036e+07,1.1113147e+07,3.541108e+06,4.557369e+06,4.106703e+06,2.603014e+06,2.243431e+06
2024-11-13 00:03:06.630,2.900775,3.2122418e+07,1.1124581e+07,3.539946e+06,4.5585e+06,4.113458e+06,2.602303e+06,2.243775e+06
2024-11-13 00:03:18.622,2.900772,3.2116712e+07,1.1126539e+07,3.538036e+06,4.560546e+06,4.104152e+06,2.600373e+06,2.244527e+06
2024-11-13 00:03:30.622,2.9007750000000003,3.2115856e+07,1.1160113e+07,3.548518e+06,4.560689e+06,4.114564e+06,2.603465e+06,2.244669e+06
2024-11-13 00:03:42.622,2.900775,3.2124074e+07,1.1163947e+07,3.540029e+06,4.556857e+06,4.108165e+06,2.606399e+06,2.241346e+06
2024-11-13 00:03:54.622,2.900774,3.2087736e+07,1.1191229e+07,3.540341e+06,4.559328e+06,4.110027e+06,2.602304e+06,2.247292e+06
2024-11-13 00:04:06.622,2.9007769999999997,3.2072392e+07,1.1272514e+07,3.540189e+06,4.565856e+06,4.120275e+06,2.604122e+06,2.239564e+06
2024-11-13 00:04:18.622,2.900775,3.2085126e+07,1.1519645e+07,3.542666e+06,4.556924e+06,4.119845e+06,2.601455e+06,2.235055e+06
2024-11-13 00:04:30.638,2.9007759999999996,3.2076092e+07,1.1818508e+07,3.544892e+06,4.550048e+06,4.125229e+06,2.59975e+06,2.232248e+06
2024-11-13 00:04:42.630,2.900778,3.2083444e+07,1.2006092e+07,3.543883e+06,4.555273e+06,4.132666e+06,2.601237e+06,2.227904e+06
2024-11-13 00:04:54.622,2.900776,3.2071272e+07,1.2082288e+07,3.542321e+06,4.555136e+06,4.139333e+06,2.598462e+06,2.232417e+06
2024-11-13 00:05:06.622,2.9007769999999997,3.2078414e+07,1.2025362e+07,3.542961e+06,4.558647e+06,4.14683e+06,2.603023e+06,2.225719e+06
2024-11-13 00:05:18.622,2.900775,3.2090214e+07,1.1969059e+07,3.543384e+06,4.556875e+06,4.14878e+06,2.601686e+06,2.227352e+06
2024-11-13 00:05:30.622,2.9007759999999996,3.209434e+07,1.1871286e+07,3.541807e+06,4.550728e+06,4.149985e+06,2.602831e+06,2.228461e+06
2024-11-13 00:05:42.622,2.900775,3.2065024e+07,1.1731191e+07,3.545346e+06,4.551843e+06,4.151291e+06,2.602889e+06,2.22182e+06
2024-11-13 00:05:54.630,2.900774,3.207234e+07,1.1621948e+07,3.541328e+06,4.550926e+06,4.167698e+06,2.60485e+06,2.217779e+06
2024-11-13 00:06:06.622,2.900773,3.2053776e+07,1.150639e+07,3.543766e+06,4.549487e+06,4.177373e+06,2.604807e+06,2.223146e+06
2024-11-13 00:06:18.622,2.9007759999999996,3.2071158e+07,1.1407156e+07,3.542994e+06,4.555762e+06,4.185655e+06,2.606073e+06,2.223703e+06
2024-11-13 00:06:30.622,2.9007769999999997,3.2034774e+07,1.1336992e+07,3.546935e+06,4.544009e+06,4.178504e+06,2.605676e+06,2.218385e+06
2024-11-13 00:06:42.622,2.900775,3.2026556e+07,1.1288975e+07,3.541955e+06,4.541294e+06,4.171157e+06,2.604373e+06,2.217982e+06
2024-11-13 00:06:54.622,2.9007759999999996,3.2016476e+07,1.1238334e+07,3.541994e+06,4.544591e+06,4.174293e+06,2.601792e+06,2.216389e+06
2024-11-13 00:07:06.622,2.900778,3.2010428e+07,1.1215577e+07,3.546218e+06,4.549542e+06,4.170658e+06,2.601628e+06,2.216365e+06
2024-11-13 00:07:18.622,2.900779,3.2001364e+07,1.1166282e+07,3.542416e+06,4.548572e+06,4.158965e+06,2.609357e+06,2.221151e+06
2024-11-13 00:07:30.622,2.9007769999999997,3.20089e+07,1.1131738e+07,3.544801e+06,4.54649e+06,4.162313e+06,2.598754e+06,2.22397e+06
2024-11-13 00:07:42.647,2.9007759999999996,3.2004316e+07,1.1113664e+07,3.543034e+06,4.548141e+06,4.158603e+06,2.603003e+06,2.220978e+06
2024-11-13 00:07:54.622,2.900775,3.1992736e+07,1.1115224e+07,3.542961e+06,4.548257e+06,4.153274e+06,2.59977e+06,2.218693e+06
2024-11-13 00:08:06.622,2.900778,3.1999184e+07,1.110145e+07,3.534352e+06,4.547297e+06,4.146646e+06,2.604176e+06,2.21541e+06
2024-11-13 00:08:18.630,2.9007759999999996,3.1996754e+07,1.1100971e+07,3.54228e+06,4.541348e+06,4.147302e+06,2.604763e+06,2.218328e+06
2024-11-13 00:08:30.622,2.900775,3.200288e+07,1.1100972e+07,3.53954e+06,4.544315e+06,4.147158e+06,2.596708e+06,2.215866e+06
2024-11-13 00:08:42.622,2.900774,3.1990172e+07,1.1090211e+07,3.542228e+06,4.539515e+06,4.155424e+06,2.600891e+06,2.211331e+06
2024-11-13 00:08:54.622,2.900775,3.1996196e+07,1.1052868e+07,3.534357e+06,4.537573e+06,4.152191e+06,2.599149e+06,2.212602e+06
2024-11-13 00:09:06.622,2.900775,3.1985744e+07,1.1041023e+07,3.534084e+06,4.542825e+06,4.161127e+06,2.598573e+06,2.212098e+06
2024-11-13 00:09:18.622,2.900773,3.1986812e+07,1.1055023e+07,3.535983e+06,4.536316e+06,4.178548e+06,2.601278e+06,2.21238e+06
2024-11-13 00:09:30.622,2.9007769999999997,3.1994588e+07,1.104392e+07,3.533118e+06,4.542551e+06,4.176441e+06,2.604844e+06,2.210854e+06
2024-11-13 00:09:42.622,2.9007759999999996,3.1971344e+07,1.1038314e+07,3.533466e+06,4.540498e+06,4.181736e+06,2.602745e+06,2.211394e+06
2024-11-13 00:09:54.646,2.900775,3.1965906e+07,1.1022791e+07,3.541109e+06,4.534828e+06,4.180678e+06,2.603005e+06,2.208877e+06
2024-11-13 00:10:06.622,2.900775,3.195791e+07,1.1028002e+07,3.534712e+06,4.535033e+06,4.179005e+06,2.603449e+06,2.213909e+06
2024-11-13 00:10:18.622,2.900775,3.1970912e+07,1.1015732e+07,3.540591e+06,4.536411e+06,4.182266e+06,2.606201e+06,2.207986e+06
2024-11-13 00:10:30.638,2.9007709999999998,3.1970228e+07,1.101733e+07,3.538158e+06,4.54046e+06,4.182303e+06,2.602783e+06,2.210879e+06
2024-11-13 00:10:42.622,2.900774,3.196648e+07,1.1018777e+07,3.537466e+06,4.537966e+06,4.17763e+06,2.604257e+06,2.207092e+06
2024-11-13 00:10:54.622,2.9007759999999996,3.195361e+07,1.1004363e+07,3.539857e+06,4.537207e+06,4.174149e+06,2.602823e+06,2.202625e+06
2024-11-13 00:11:06.622,2.9007739999999997,3.1954212e+07,1.1007534e+07,3.533797e+06,4.541622e+06,4.172438e+06,2.600495e+06,2.202436e+06
2024-11-13 00:11:18.630,2.900775,3.1959004e+07,1.0995353e+07,3.531061e+06,4.536457e+06,4.170952e+06,2.599432e+06,2.207871e+06
2024-11-13 00:11:30.624,2.900773,3.1952288e+07,1.0991257e+07,3.526985e+06,4.541208e+06,4.161452e+06,2.601036e+06,2.201052e+06
2024-11-13 00:11:42.622,2.900772,3.1956888e+07,1.0982172e+07,3.52695e+06,4.536932e+06,4.162468e+06,2.602494e+06,2.199331e+06
2024-11-13 00:11:54.622,2.9007709999999998,3.1935006e+07,1.0969676e+07,3.530487e+06,4.538799e+06,4.161626e+06,2.60138e+06,2.203215e+06
2024-11-13 00:12:06.622,2.900772,3.192566e+07,1.0957349e+07,3.528271e+06,4.539247e+06,4.155717e+06,2.603817e+06,2.200548e+06
2024-11-13 00:12:18.622,2.900774,3.1914e+07,1.0958869e+07,3.531935e+06,4.547968e+06,4.156286e+06,2.599569e+06,2.194311e+06
2024-11-13 00:12:30.622,2.9007739999999997,3.1913976e+07,1.0962744e+07,3.525376e+06,4.546415e+06,4.151352e+06,2.600281e+06,2.198924e+06
2024-11-13 00:12:42.622,2.900774,3.188786e+07,1.0958525e+07,3.527189e+06,4.541449e+06,4.140328e+06,2.59968e+06,2.201729e+06
2024-11-13 00:12:54.622,2.9007759999999996,3.1896756e+07,1.0962776e+07,3.524909e+06,4.542077e+06,4.146258e+06,2.600031e+06,2.200585e+06
2024-11-13 00:13:06.622,2.9007759999999996,3.19081e+07,1.0965769e+07,3.52913e+06,4.538619e+06,4.134117e+06,2.600235e+06,2.193739e+06
2024-11-13 00:13:18.623,2.900775,3.1901764e+07,1.0975371e+07,3.528043e+06,4.5346e+06,4.135749e+06,2.599113e+06,2.193839e+06
2024-11-13 00:13:30.622,2.900773,3.191099e+07,1.0979041e+07,3.525796e+06,4.541759e+06,4.131256e+06,2.597007e+06,2.199497e+06
2024-11-13 00:13:42.622,2.900772,3.1902054e+07,1.1018774e+07,3.524356e+06,4.539827e+06,4.131676e+06,2.606267e+06,2.197682e+06
2024-11-13 00:13:54.622,2.9007709999999998,3.1886504e+07,1.1041033e+07,3.523166e+06,4.539746e+06,4.126586e+06,2.602401e+06,2.19425e+06
2024-11-13 00:14:06.622,2.9007739999999997,3.1882788e+07,1.1063866e+07,3.526343e+06,4.541255e+06,4.128641e+06,2.597911e+06,2.194523e+06
2024-11-13 00:14:18.622,2.9007749999999994,3.1901408e+07,1.1092109e+07,3.527818e+06,4.536198e+06,4.141349e+06,2.601382e+06,2.190161e+06
2024-11-13 00:14:30.622,2.9007769999999997,3.187978e+07,1.1115583e+07,3.524057e+06,4.535452e+06,4.136488e+06,2.601176e+06,2.192319e+06
2024-11-13 00:14:42.646,2.9007739999999997,3.1887648e+07,1.1151997e+07,3.519462e+06,4.541432e+06,4.131839e+06,2.60266e+06,2.193289e+06
2024-11-13 00:14:54.622,2.9007759999999996,3.1872712e+07,1.1190116e+07,3.530048e+06,4.540113e+06,4.134209e+06,2.59921e+06,2.194045e+06
2024-11-13 00:15:06.622,2.9007739999999997,3.1902144e+07,1.1255114e+07,3.526062e+06,4.537111e+06,4.132031e+06,2.599888e+06,2.191348e+06
2024-11-13 00:15:18.622,2.900773,3.1900984e+07,1.132958e+07,3.528909e+06,4.538596e+06,4.130181e+06,2.600437e+06,2.189438e+06
2024-11-13 00:15:30.622,2.900773,3.1914612e+07,1.1434798e+07,3.52908e+06,4.54504e+06,4.130427e+06,2.601264e+06,2.188443e+06
2024-11-13 00:15:42.622,2.9007709999999998,3.1902724e+07,1.1537378e+07,3.528546e+06,4.542673e+06,4.13015e+06,2.601601e+06,2.188305e+06
2024-11-13 00:15:54.622,2.900772,3.1880806e+07,1.1624507e+07,3.528381e+06,4.54713e+06,4.129985e+06,2.601096e+06,2.192336e+06
2024-11-13 00:16:06.622,2.900772,3.1895304e+07,1.1846765e+07,3.524041e+06,4.54338e+06,4.128976e+06,2.60125e+06,2.191298e+06
2024-11-13 00:16:18.622,2.900769,3.189815e+07,1.1930809e+07,3.522491e+06,4.547771e+06,4.124966e+06,2.603302e+06,2.190607e+06
2024-11-13 00:16:30.622,2.9007689999999995,3.1891212e+07,1.2015826e+07,3.520699e+06,4.548487e+06,4.129563e+06,2.599479e+06,2.185194e+06
2024-11-13 00:16:42.630,2.9007709999999998,3.1903374e+07,1.2104307e+07,3.524732e+06,4.549096e+06,4.129405e+06,2.601203e+06,2.190411e+06
2024-11-13 00:16:54.630,2.9007709999999998,3.1895456e+07,1.2179741e+07,3.526922e+06,4.553943e+06,4.128882e+06,2.606345e+06,2.18944e+06
2024-11-13 00:17:06.622,2.900773,3.187398e+07,1.2303009e+07,3.524693e+06,4.5461e+06,4.132002e+06,2.605744e+06,2.193713e+06
2024-11-13 00:17:18.622,2.900772,3.1877564e+07,1.2409196e+07,3.522372e+06,4.549142e+06,4.133227e+06,2.6066e+06,2.19044e+06
2024-11-13 00:17:30.622,2.900769,3.185856e+07,1.2551676e+07,3.525986e+06,4.552059e+06,4.137099e+06,2.604989e+06,2.192242e+06
2024-11-13 00:17:42.622,2.900768,3.1862324e+07,1.2831823e+07,3.522914e+06,4.555079e+06,4.142917e+06,2.606085e+06,2.186377e+06
2024-11-13 00:17:54.622,2.9007680000000002,3.1864176e+07,1.3359186e+07,3.521962e+06,4.554849e+06,4.148578e+06,2.604682e+06,2.180973e+06
2024-11-13 00:18:06.622,2.900774,3.186188e+07,1.4104546e+07,3.525163e+06,4.55269e+06,4.164446e+06,2.605533e+06,2.185335e+06
2024-11-13 00:18:18.622,2.900772,3.1857512e+07,1.4927144e+07,3.52293e+06,4.550068e+06,4.16659e+06,2.606309e+06,2.18517e+06
2024-11-13 00:18:30.622,2.9007739999999997,3.184542e+07,1.6349036e+07,3.524997e+06,4.55914e+06,4.182725e+06,2.60333e+06,2.18996e+06
2024-11-13 00:18:42.622,2.900773,3.1842144e+07,1.839022e+07,3.527597e+06,4.55374e+06,4.208539e+06,2.596579e+06,2.189095e+06
2024-11-13 00:18:54.622,2.900773,3.1856628e+07,2.0390328e+07,3.526885e+06,4.553115e+06,4.237693e+06,2.596044e+06,2.188842e+06
2024-11-13 00:19:06.622,2.900772,3.1862076e+07,2.2027624e+07,3.527323e+06,4.553576e+06,4.270762e+06,2.594761e+06,2.190585e+06
2024-11-13 00:19:18.622,2.9007709999999998,3.186744e+07,2.3322152e+07,3.530007e+06,4.558544e+06,4.304801e+06,2.595917e+06,2.193281e+06
2024-11-13 00:19:30.622,2.9007709999999998,3.1866308e+07,2.4569134e+07,3.528307e+06,4.557582e+06,4.344391e+06,2.598463e+06,2.194151e+06
2024-11-13 00:19:42.622,2.900773,3.1886024e+07,2.5451684e+07,3.526735e+06,4.558012e+06,4.379166e+06,2.598646e+06,2.195556e+06
2024-11-13 00:19:54.622,2.900773,3.1892464e+07,2.6367916e+07,3.527429e+06,4.555044e+06,4.422388e+06,2.600766e+06,2.192951e+06
2024-11-13 00:20:06.622,2.9007739999999997,3.1899452e+07,2.6847204e+07,3.529066e+06,4.557279e+06,4.470576e+06,2.596743e+06,2.198762e+06
