# Date,Intensity
2024-06-01 07:00:04.843000,2050525733.0736096
2024-06-01 07:00:16.844000,2050658890.8221834
2024-06-01 07:00:28.835000,2050603337.329916
2024-06-01 07:00:40.843000,2050789061.4297104
2024-06-01 07:00:52.835000,2051169723.8509374
2024-06-01 07:01:40.843000,2051523127.7758806
2024-06-01 07:01:52.835000,2051166655.0835712
2024-06-01 07:02:04.844000,2050453323.2535503
2024-06-01 07:02:16.844000,2050292305.0077474
2024-06-01 07:02:28.843000,2050040790.1638017
2024-06-01 07:02:40.843000,2049865815.8849587
2024-06-01 07:02:52.843000,2049710557.7888443
2024-06-01 07:03:04.843000,2049529183.1225631
2024-06-01 07:03:16.835000,2049153256.3582447
2024-06-01 07:03:28.843000,2049205477.4794955
2024-06-01 07:03:40.843000,2049175399.3166142
2024-06-01 07:03:52.843000,2048943468.6588926
2024-06-01 07:04:04.835000,2048924653.5069296
2024-06-01 07:04:16.844000,2048788208.6299317
2024-06-01 07:04:28.835000,2048660082.4683094
2024-06-01 07:04:40.843000,2048553332.933341
2024-06-01 07:04:52.835000,2048710258.1499665
2024-06-01 07:05:04.843000,2048464502.013207
2024-06-01 07:05:16.844000,2048206971.860563
2024-06-01 07:05:28.843000,2048115453.6909263
2024-06-01 07:05:40.843000,2047795204.0959182
2024-06-01 07:05:52.843000,2047729157.1460142
2024-06-01 07:06:04.835000,2047602568.3460646
2024-06-01 07:06:16.843000,2047443084.2521465
2024-06-01 07:06:28.835000,2047349645.0071
2024-06-01 07:06:40.843000,2047322254.571527
2024-06-01 07:06:52.835000,2047233807.706942
2024-06-01 07:07:04.843000,2047183504.738153
2024-06-01 07:07:16.843000,2047117714.0868616
2024-06-01 07:07:28.843000,2047031315.8580248
2024-06-01 07:07:40.843000,2047027091.4581707
2024-06-01 07:07:52.843000,2046989972.2005558
2024-06-01 07:08:04.835000,2046973206.0760696
2024-06-01 07:08:16.843000,2046924439.6623275
2024-06-01 07:08:28.835000,2046932374.4201376
2024-06-01 07:08:40.843000,2047193105.7516735
2024-06-01 07:08:52.843000,2047300238.6949873
2024-06-01 07:09:04.843000,2047474315.3022213
2024-06-01 07:09:16.843000,2047804547.9090416
2024-06-01 07:09:28.843000,2047854978.9729311
2024-06-01 07:09:40.843000,2048031231.3597572
2024-06-01 07:09:52.843000,2048245627.0874584
2024-06-01 07:10:04.835000,2048761969.1416016
2024-06-01 07:10:16.843000,2048980715.8953242
2024-06-01 07:10:28.835000,2049358948.8210232
2024-06-01 07:10:40.843000,2049744986.482791
2024-06-01 07:11:04.843000,2049821402.6612456
2024-06-01 07:11:18.936000,2040005811.569436
2024-06-01 07:11:28.843000,2050263505.5981352
2024-06-01 07:11:42.808000,2042320471.6790693
2024-06-01 07:11:52.843000,2050793672.126557
2024-06-01 07:12:06.639000,2044436026.437802
2024-06-01 07:12:16.843000,2050812999.740005
2024-06-01 07:12:30.446000,2046012911.2301633
2024-06-01 07:12:40.843000,2050544714.5609941
2024-06-01 07:12:54.228000,2046920715.0198505
2024-06-01 07:13:04.843000,2050073813.4868236
2024-06-01 07:13:17.958000,2047586117.7671564
2024-06-01 07:13:28.843000,2049770973.4660177
2024-06-01 07:13:41.629000,2048178752.2069342
2024-06-01 07:13:52.843000,2049353189.6128025
2024-06-01 07:14:05.224000,2048594232.7244964
2024-06-01 07:14:16.843000,2049207913.6535976
2024-06-01 07:14:31.115000,2036752781.7186275
2024-06-01 07:14:40.843000,2049037291.2541752
2024-06-01 07:14:55.033000,2037673569.6428092
2024-06-01 07:15:04.843000,2048911725.309631
2024-06-01 07:15:18.916000,2039295630.060056
2024-06-01 07:15:28.843000,2048889581.763574
2024-06-01 07:15:42.789000,2040760446.083068
2024-06-01 07:15:52.843000,2048516469.412377
2024-06-01 07:16:06.607000,2042289370.8746893
2024-06-01 07:16:16.843000,2048204540.0114696
2024-06-01 07:16:30.421000,2043478065.5846467
2024-06-01 07:16:40.843000,2048035199.2784147
2024-06-01 07:16:54.186000,2044704773.50763
2024-06-01 07:17:04.844000,2047749509.1350627
2024-06-01 07:17:17.908000,2045535058.131805
2024-06-01 07:17:28.843000,2047884930.3013937
2024-06-01 07:17:41.573000,2046735537.4596376
2024-06-01 07:17:52.843000,2048005759.884802
2024-06-01 07:18:04.835000,2047932161.4246104
2024-06-01 07:18:16.842000,2047841667.3249865
2024-06-01 07:18:31.037000,2036356394.6981444
2024-06-01 07:18:40.843000,2047775492.3778985
2024-06-01 07:18:54.930000,2037820325.3792484
2024-06-01 07:19:04.843000,2047517194.380321
2024-06-01 07:19:18.808000,2039541170.185181
2024-06-01 07:19:28.843000,2047433995.6030903
2024-06-01 07:19:42.647000,2041017459.3111734
2024-06-01 07:19:52.843000,2047548424.8057163
2024-06-01 07:20:06.446000,2042796790.669383
2024-06-01 07:20:16.843000,2047607431.8513632
2024-06-01 07:20:30.220000,2044346457.4545908
2024-06-01 07:20:40.843000,2047609479.810404
2024-06-01 07:20:53.957000,2045215688.8381553
2024-06-01 07:21:04.844000,2047478538.1685057
2024-06-01 07:21:17.627000,2045892725.0411685
2024-06-01 07:21:28.843000,2047168016.2236836
2024-06-01 07:21:41.232000,2046365973.0243511
2024-06-01 07:21:52.843000,2046862231.89313
2024-06-01 07:22:04.835000,2046727450.0872734
2024-06-01 07:22:16.843000,2046627867.4426513
2024-06-01 07:22:28.835000,2046519454.3511858
2024-06-01 07:22:40.843000,2046251174.4741616
2024-06-01 07:22:52.843000,2045894060.2247357
2024-06-01 07:23:04.843000,2045712177.1881907
2024-06-01 07:23:16.843000,2045585457.4981213
2024-06-01 07:23:28.843000,2045482289.0953624
2024-06-01 07:23:40.843000,2045284020.961591
2024-06-01 07:23:52.835000,2045221172.7977169
2024-06-01 07:24:04.843000,2045024061.0067494
2024-06-01 07:24:16.843000,2044930109.397812
2024-06-01 07:24:28.835000,2044782526.7407284
2024-06-01 07:24:40.843000,2044608069.5345745
2024-06-01 07:24:52.843000,2044300488.1404812
2024-06-01 07:25:04.846000,2044164688.541541
2024-06-01 07:25:16.843000,2044023501.54172
2024-06-01 07:25:28.835000,2043876694.5894134
2024-06-01 07:25:40.843000,2043820115.5976882
2024-06-01 07:25:52.835000,2043758160.5949488
2024-06-01 07:26:04.846000,2043770448.3614812
2024-06-01 07:26:16.843000,2043786964.260715
2024-06-01 07:26:28.835000,2043779154.3064914
2024-06-01 07:26:40.843000,2043830225.3106062
2024-06-01 07:26:52.843000,2043838677.3071153
2024-06-01 07:27:04.846000,2044025297.4814017
2024-06-01 07:27:16.843000,2043958864.8227038
2024-06-01 07:27:28.843000,2043818071.8204916
2024-06-01 07:27:40.843000,2043746389.0722187
2024-06-01 07:27:52.835000,2043800019.9995997
2024-06-01 07:28:04.846000,2043734743.4377596
2024-06-01 07:28:16.842000,2043584092.734053
2024-06-01 07:28:28.835000,2043542105.1578965
2024-06-01 07:28:40.843000,2043511520.5023093
2024-06-01 07:28:52.843000,2043407451.850963
2024-06-01 07:29:04.846000,2043399772.0045598
2024-06-01 07:29:16.843000,2043357791.165281
2024-06-01 07:29:28.843000,2043296610.7711737
2024-06-01 07:29:40.843000,2043185250.7023606
2024-06-01 07:29:52.843000,2043110118.6875079
2024-06-01 07:30:04.835000,2043010664.77604
2024-06-01 07:30:16.843000,2042913514.8161893
2024-06-01 07:30:28.843000,2043031144.3459692
2024-06-01 07:30:40.843000,2042908520.3753324
2024-06-01 07:30:52.843000,2042787309.4665015
2024-06-01 07:31:04.846000,2042811879.7624044
2024-06-01 07:31:16.843000,2042738665.2266953
2024-06-01 07:31:28.843000,2042623334.156651
2024-06-01 07:31:40.843000,2042571631.2815588
2024-06-01 07:31:52.843000,2042592228.0437808
2024-06-01 07:32:04.846000,2042713964.3637307
2024-06-01 07:32:16.843000,2042766184.6763062
2024-06-01 07:32:28.843000,2042851433.5456123
2024-06-01 07:32:40.843000,2042876387.9104357
2024-06-01 07:32:52.835000,2042974817.991049
2024-06-01 07:33:04.846000,2043019238.105619
2024-06-01 07:33:16.843000,2043075424.0292318
2024-06-01 07:33:28.835000,2043256417.2434466
2024-06-01 07:33:40.843000,2043422038.9812593
2024-06-01 07:33:52.843000,2043420116.7278407
2024-06-01 07:34:04.835000,2043453402.931941
2024-06-01 07:34:16.842000,2043429083.4183319
2024-06-01 07:34:28.835000,2043413216.322457
2024-06-01 07:34:40.843000,2043527261.9274998
2024-06-01 07:34:52.843000,2043737305.5165842
2024-06-01 07:35:04.846000,2043722206.1114657
2024-06-01 07:35:16.843000,2043879890.402192
2024-06-01 07:35:28.843000,2044089680.1615567
2024-06-01 07:35:40.843000,2044322505.549889
2024-06-01 07:35:52.844000,2044451014.9797
2024-06-01 07:36:04.846000,2044676036.1412592
2024-06-01 07:36:16.835000,2044740036.4592342
2024-06-01 07:36:28.843000,2044677444.1123958
2024-06-01 07:36:40.843000,2044673733.8515894
2024-06-01 07:36:52.835000,2044670272.9296777
2024-06-01 07:37:04.846000,2044708033.839323
2024-06-01 07:37:16.843000,2044459594.3485186
2024-06-01 07:37:28.835000,2044475210.0205894
2024-06-01 07:37:40.843000,2044276680.604728
2024-06-01 07:37:52.843000,2044221519.348094
2024-06-01 07:38:04.846000,2044126159.413732
2024-06-01 07:38:16.843000,2044074062.5187495
2024-06-01 07:38:28.843000,2044107217.7484272
2024-06-01 07:38:40.843000,2044252878.6895475
2024-06-01 07:38:52.835000,2044511303.518278
2024-06-01 07:39:04.846000,2044542022.8885307
2024-06-01 07:39:16.843000,2044538566.9593773
2024-06-01 07:39:28.835000,2044747585.0482993
2024-06-01 07:39:40.843000,2044541382.9016507
2024-06-01 07:39:52.843000,2044398409.8325984
2024-06-01 07:40:04.846000,2044219981.4903796
2024-06-01 07:40:16.843000,2044288332.0891922
2024-06-01 07:40:28.835000,2044127951.3769968
2024-06-01 07:40:40.843000,2043966672.6665468
2024-06-01 07:40:52.843000,2043922895.5035377
2024-06-01 07:41:04.846000,2043735251.1626022
2024-06-01 07:41:16.843000,2043665371.0272083
2024-06-01 07:41:28.843000,2043707740.283584
2024-06-01 07:41:40.843000,2043645789.6155236
2024-06-01 07:41:52.843000,2043702488.098994
2024-06-01 07:42:04.835000,2043553627.1506433
2024-06-01 07:42:16.843000,2043303780.9687095
2024-06-01 07:42:28.835000,2043303652.9714613
2024-06-01 07:42:40.843000,2043180007.629836
2024-06-01 07:42:52.835000,2043148771.4501853
2024-06-01 07:43:04.846000,2043109348.2583609
2024-06-01 07:43:16.843000,2043108966.711699
2024-06-01 07:43:28.843000,2043214431.7113655
2024-06-01 07:43:40.843000,2043305316.935686
2024-06-01 07:43:52.843000,2043302884.987973
2024-06-01 07:44:04.846000,2043204196.711869
2024-06-01 07:44:16.843000,2043130728.6893334
2024-06-01 07:44:28.835000,2042906989.499726
2024-06-01 07:44:40.843000,2042738803.7463176
2024-06-01 07:44:52.843000,2042714862.9878771
2024-06-01 07:45:04.846000,2042754798.1492388
2024-06-01 07:45:16.843000,2042717937.5643425
2024-06-01 07:45:28.843000,2042639859.2430265
2024-06-01 07:45:40.843000,2042432762.4792256
2024-06-01 07:45:52.843000,2042483953.0789618
2024-06-01 07:46:04.846000,2042445175.4287286
2024-06-01 07:46:16.835000,2042396280.47997
2024-06-01 07:46:28.843000,2042194169.9224315
2024-06-01 07:46:40.843000,2042179968.040703
2024-06-01 07:46:52.843000,2042087167.125907
2024-06-01 07:47:04.846000,2042012678.7147288
2024-06-01 07:47:16.843000,2041812993.9271274
2024-06-01 07:47:28.835000,2041761667.0049927
2024-06-01 07:47:40.843000,2041859460.0216098
2024-06-01 07:47:52.843000,2041860228.005098
2024-06-01 07:48:04.846000,2041893760.2310355
2024-06-01 07:48:16.843000,2041889155.3831594
2024-06-01 07:48:28.843000,2041872125.621425
2024-06-01 07:48:40.843000,2042000765.9839141
2024-06-01 07:48:52.843000,2041936249.2750146
2024-06-01 07:49:04.846000,2041765116.6976662
2024-06-01 07:49:16.843000,2041880957.4403725
2024-06-01 07:49:28.843000,2042002941.9382195
2024-06-01 07:49:40.843000,2041929858.5080423
2024-06-01 07:49:52.843000,2041888390.45541
2024-06-01 07:50:04.846000,2041834634.7207186
2024-06-01 07:50:16.843000,2041788802.4351487
2024-06-01 07:50:28.843000,2041713805.4393775
2024-06-01 07:50:40.843000,2041423763.965311
2024-06-01 07:50:52.843000,2041303820.619767
2024-06-01 07:51:04.846000,2041354261.529116
2024-06-01 07:51:16.843000,2041405581.7799919
2024-06-01 07:51:28.843000,2041275795.9324896
2024-06-01 07:51:40.843000,2041131290.5459626
2024-06-01 07:51:52.843000,2041143955.404959
2024-06-01 07:52:04.846000,2041175702.1345532
2024-06-01 07:52:16.842000,2041009945.7811928
2024-06-01 07:52:28.843000,2041059992.680161
2024-06-01 07:52:40.843000,2041040786.1434913
2024-06-01 07:52:52.843000,2040903960.5648482
2024-06-01 07:53:04.846000,2040990497.2185643
2024-06-01 07:53:16.843000,2040985103.805372
2024-06-01 07:53:28.843000,2040864284.9857304
2024-06-01 07:53:40.835000,2040944023.7034905
2024-06-01 07:53:52.843000,2040817174.8393288
2024-06-01 07:54:04.846000,2040968343.1806219
2024-06-01 07:54:16.843000,2040886929.8179388
2024-06-01 07:54:28.843000,2040799635.60747
2024-06-01 07:54:40.843000,2040804375.108123
2024-06-01 07:54:52.843000,2040804510.3007734
2024-06-01 07:55:04.846000,2040715797.326155
2024-06-01 07:55:16.843000,2040531865.0967655
2024-06-01 07:55:28.835000,2040485669.3152752
2024-06-01 07:55:40.843000,2040428063.010677
2024-06-01 07:55:52.843000,2040346532.5495503
2024-06-01 07:56:04.846000,2040303909.4659467
2024-06-01 07:56:16.835000,2040037031.2223442
2024-06-01 07:56:28.843000,2039957284.8756602
2024-06-01 07:56:40.843000,2039823015.6281796
2024-06-01 07:56:52.842000,2039724337.9267347
2024-06-01 07:57:04.835000,2039624764.4428
2024-06-01 07:57:16.843000,2039503286.6793365
2024-06-01 07:57:28.843000,2039436211.8395512
2024-06-01 07:57:40.843000,2039255356.009846
2024-06-01 07:57:52.843000,2039102518.398373
2024-06-01 07:58:04.846000,2038996298.5832818
2024-06-01 07:58:16.843000,2039127605.8840795
2024-06-01 07:58:28.835000,2039171005.823375
2024-06-01 07:58:40.843000,2039240768.7030885
2024-06-01 07:58:52.843000,2039291689.8120484
2024-06-01 07:59:04.846000,2039521833.5633285
2024-06-01 07:59:16.835000,2039626932.0209618
2024-06-01 07:59:28.843000,2039608120.6213465
2024-06-01 07:59:40.843000,2039496370.5762184
2024-06-01 07:59:52.843000,2039684266.4725373
2024-06-01 08:00:04.835000,2039636136.9171393
2024-06-01 08:00:16.843000,2039530033.8692892
2024-06-01 08:00:28.843000,2039409985.2753313
2024-06-01 08:00:40.835000,2039441852.27925
2024-06-01 08:00:52.843000,2039460155.8765707
2024-06-01 08:01:04.846000,2039660595.297201
2024-06-01 08:01:16.843000,2039678907.2245874
2024-06-01 08:01:28.835000,2039758257.1974704
2024-06-01 08:01:40.843000,2039950389.1162448
2024-06-01 08:01:52.843000,2040310561.4782088
2024-06-01 08:02:04.846000,2040797726.4500182
2024-06-01 08:02:16.843000,2041358731.466639
2024-06-01 08:02:28.843000,2041384849.5333104
2024-06-01 08:02:40.843000,2041466124.478324
2024-06-01 08:02:52.835000,2041441552.2858498
2024-06-01 08:03:04.846000,2041172889.6099837
2024-06-01 08:03:16.843000,2041122839.2975354
2024-06-01 08:03:28.843000,2040764059.5727189
2024-06-01 08:03:40.843000,2040580635.806648
2024-06-01 08:03:52.843000,2040364075.8082943
2024-06-01 08:04:04.846000,2040092717.9602048
2024-06-01 08:04:16.843000,2039969064.6496422
2024-06-01 08:04:28.843000,2039949101.0943267
2024-06-01 08:04:40.843000,2039866414.8720806
2024-06-01 08:04:52.843000,2039676987.2677865
2024-06-01 08:05:04.846000,2039507382.5912745
2024-06-01 08:05:16.843000,2039506738.3584943
2024-06-01 08:05:28.843000,2039487918.497671
2024-06-01 08:05:40.835000,2039165501.9417086
2024-06-01 08:05:52.843000,2039024956.475914
2024-06-01 08:06:04.846000,2038916282.2162147
2024-06-01 08:06:16.835000,2038942270.2123253
2024-06-01 08:06:28.843000,2038833856.4890137
2024-06-01 08:06:40.843000,2038710343.72761
2024-06-01 08:06:52.835000,2038587717.6579292
2024-06-01 08:07:04.846000,2038325067.1735892
2024-06-01 08:07:16.843000,2038330831.8871145
2024-06-01 08:07:28.843000,2038246353.7033956
2024-06-01 08:07:40.835000,2038067152.589796
2024-06-01 08:07:52.843000,2037865822.9518952
2024-06-01 08:08:04.846000,2037707485.2890666
2024-06-01 08:08:16.835000,2037693666.7393317
2024-06-01 08:08:28.843000,2037588063.8566272
2024-06-01 08:08:40.835000,2037530459.8603427
2024-06-01 08:08:52.843000,2037417448.816126
2024-06-01 08:09:04.846000,2037457767.9291055
2024-06-01 08:09:16.835000,2037352810.238175
2024-06-01 08:09:28.843000,2037531755.5355003
2024-06-01 08:09:40.843000,2037485148.8118749
2024-06-01 08:09:52.843000,2037330016.0696623
2024-06-01 08:10:04.846000,2037267046.7584949
2024-06-01 08:10:16.843000,2037171054.2368069
2024-06-01 08:10:28.843000,2036948589.6053238
2024-06-01 08:10:40.835000,2037084906.6745067
2024-06-01 08:10:52.843000,2037124841.8159013
2024-06-01 08:11:04.835000,2037090405.101493
2024-06-01 08:11:16.843000,2037064789.2366097
2024-06-01 08:11:28.843000,2037031526.3379474
2024-06-01 08:11:40.843000,2036965885.7846267
2024-06-01 08:11:52.843000,2036804848.6957533
2024-06-01 08:12:04.846000,2036825845.8313918
2024-06-01 08:12:16.835000,2036891758.8271854
2024-06-01 08:12:28.843000,2036977010.505769
2024-06-01 08:12:40.835000,2036987372.7714856
2024-06-01 08:12:52.843000,2037167459.4833512
2024-06-01 08:13:04.835000,2037201378.7710462
2024-06-01 08:13:16.843000,2037338341.225664
2024-06-01 08:13:28.843000,2037304800.5991874
2024-06-01 08:13:40.843000,2037416680.8330216
2024-06-01 08:13:52.835000,2037498977.7719781
2024-06-01 08:14:04.846000,2037658073.180463
2024-06-01 08:14:16.843000,2037749586.1334844
2024-06-01 08:14:28.843000,2037922904.65755
2024-06-01 08:14:40.835000,2038031948.345059
2024-06-01 08:14:52.843000,2038066522.5365043
2024-06-01 08:15:04.846000,2037981020.4175508
2024-06-01 08:15:16.843000,2037921619.6459873
2024-06-01 08:15:28.843000,2037741916.5487945
2024-06-01 08:15:40.843000,2037688541.6963537
2024-06-01 08:15:52.843000,2037715293.1211982
2024-06-01 08:16:04.846000,2037522785.260117
2024-06-01 08:16:16.843000,2037431779.216747
2024-06-01 08:16:28.835000,2037369833.863655
2024-06-01 08:16:40.843000,2037398633.230069
2024-06-01 08:16:52.835000,2037413470.3171237
2024-06-01 08:17:04.846000,2037435869.846733
2024-06-01 08:17:16.843000,2037390948.0946162
2024-06-01 08:17:28.843000,2037394276.0230658
2024-06-01 08:17:40.843000,2037401577.1653025
2024-06-01 08:17:52.842000,2037516252.1587045
2024-06-01 08:18:04.846000,2037522897.542049
2024-06-01 08:18:16.835000,2037638750.7668588
2024-06-01 08:18:28.843000,2037674968.825655
2024-06-01 08:18:40.835000,2037830480.4751503
2024-06-01 08:18:52.843000,2037877327.514786
2024-06-01 08:19:04.835000,2037862612.8851292
2024-06-01 08:19:16.843000,2037925956.4438493
2024-06-01 08:19:28.843000,2037913939.8072643
2024-06-01 08:19:40.835000,2037906771.9577887
2024-06-01 08:19:52.843000,2037858527.1124036
2024-06-01 08:20:04.846000,2037920733.7438576
2024-06-01 08:20:16.843000,2037854671.9792244
2024-06-01 08:20:28.843000,2037870287.659103
2024-06-01 08:20:40.843000,2037904590.9558854
2024-06-01 08:20:52.843000,2037835600.3701925
2024-06-01 08:21:04.835000,2037911891.850271
2024-06-01 08:21:16.843000,2038114127.6033201
2024-06-01 08:21:28.843000,2038098767.9258735
2024-06-01 08:21:40.843000,2038064843.6707048
2024-06-01 08:21:52.843000,2038165838.5173914
2024-06-01 08:22:04.846000,2038229714.061148
2024-06-01 08:22:16.835000,2038190669.99593
2024-06-01 08:22:28.843000,2038304720.4485106
2024-06-01 08:22:40.843000,2038257868.5847602
2024-06-01 08:22:52.835000,2038203208.834219
2024-06-01 08:23:04.846000,2038320459.2703552
2024-06-01 08:23:16.843000,2038377422.8854082
2024-06-01 08:23:28.843000,2038444621.4406393
2024-06-01 08:23:40.835000,2038537651.784616
2024-06-01 08:23:52.843000,2038480839.9023623
2024-06-01 08:24:04.846000,2038328646.2627516
2024-06-01 08:24:16.843000,2038326470.3073587
2024-06-01 08:24:28.843000,2038245841.7144034
2024-06-01 08:24:40.835000,2038199368.9129374
2024-06-01 08:24:52.843000,2038104911.796852
2024-06-01 08:25:04.846000,2038131525.3694923
2024-06-01 08:25:16.843000,2038230989.1492279
2024-06-01 08:25:28.843000,2038227917.2137384
2024-06-01 08:25:40.843000,2038238142.3562238
2024-06-01 08:25:52.843000,2038166596.6680667
2024-06-01 08:26:04.846000,2038049498.911024
2024-06-01 08:26:16.835000,2038037585.210711
2024-06-01 08:26:28.842000,2037900111.0477235
2024-06-01 08:26:40.835000,2037774816.9540272
2024-06-01 08:26:52.843000,2037806811.1535604
2024-06-01 08:27:04.846000,2037768155.9846466
2024-06-01 08:27:16.843000,2037883225.5106518
2024-06-01 08:27:28.835000,2037935960.376852
2024-06-01 08:27:40.843000,2038015047.6990461
2024-06-01 08:27:52.843000,2038077766.444671
2024-06-01 08:28:04.835000,2038047445.9799116
2024-06-01 08:28:16.843000,2038007899.8262038
2024-06-01 08:28:28.843000,2037982802.3611503
2024-06-01 08:28:40.835000,2037940701.3045714
2024-06-01 08:28:52.843000,2038016726.6403775
2024-06-01 08:29:04.846000,2038014171.688223
2024-06-01 08:29:16.843000,2038107727.7377174
2024-06-01 08:29:28.843000,2038064075.6864486
2024-06-01 08:29:40.835000,2038137940.0342894
2024-06-01 08:29:52.843000,2038283088.9135885
2024-06-01 08:30:04.846000,2038276181.9239976
2024-06-01 08:30:16.843000,2038104916.74429
2024-06-01 08:30:28.842000,2038057675.8176458
2024-06-01 08:30:40.835000,2038186194.9968078
2024-06-01 08:30:52.843000,2038239057.8602562
2024-06-01 08:31:04.846000,2038303450.1723711
2024-06-01 08:31:16.835000,2038390862.5964544
2024-06-01 08:31:28.843000,2038590026.3144345
2024-06-01 08:31:40.835000,2038642751.8235877
2024-06-01 08:31:52.843000,2038662093.4339445
2024-06-01 08:32:04.846000,2038651848.9852471
2024-06-01 08:32:16.835000,2038796229.8810577
2024-06-01 08:32:28.843000,2038868932.317955
2024-06-01 08:32:40.835000,2038927431.596505
2024-06-01 08:32:52.843000,2038853705.2184854
2024-06-01 08:33:04.835000,2038957894.9263117
2024-06-01 08:33:16.843000,2039059520.220315
2024-06-01 08:33:28.835000,2039104579.6992466
2024-06-01 08:33:40.843000,2039082555.2663398
2024-06-01 08:33:52.835000,2039054537.2729118
2024-06-01 08:34:04.846000,2039089732.0258956
2024-06-01 08:34:16.843000,2039139655.3577545
2024-06-01 08:34:28.843000,2039190982.202901
2024-06-01 08:34:40.842000,2039330366.731932
2024-06-01 08:34:52.843000,2039370809.5275953
2024-06-01 08:35:04.846000,2039375677.7350898
2024-06-01 08:35:16.843000,2039515190.4234061
2024-06-01 08:35:28.835000,2039661503.7854133
2024-06-01 08:35:40.843000,2039902006.2048607
2024-06-01 08:35:52.842000,2040015923.641718
2024-06-01 08:36:04.846000,2040274353.6898649
2024-06-01 08:36:16.835000,2040492844.664573
2024-06-01 08:36:28.843000,2040639397.613554
2024-06-01 08:36:40.843000,2040926996.5330732
2024-06-01 08:36:52.843000,2041087896.0662866
2024-06-01 08:37:04.846000,2041194133.729058
2024-06-01 08:37:16.843000,2041343247.1201866
2024-06-01 08:37:28.835000,2041641096.716421
2024-06-01 08:37:40.843000,2041909250.9511049
2024-06-01 08:37:52.843000,2042356476.1575246
2024-06-01 08:38:04.846000,2042668271.966289
2024-06-01 08:38:16.835000,2043088233.6029778
2024-06-01 08:38:28.843000,2043500126.4973435
2024-06-01 08:38:40.835000,2044095827.9396994
2024-06-01 08:38:52.843000,2044146768.9178526
2024-06-01 08:39:04.846000,2044322255.0715163
2024-06-01 08:39:16.843000,2044809799.7795048
2024-06-01 08:39:28.835000,2045157437.1151023
2024-06-01 08:39:40.843000,2045562549.6239083
2024-06-01 08:39:52.843000,2045873455.8472433
2024-06-01 08:40:04.846000,2046352805.061886
2024-06-01 08:40:16.843000,2046980502.4289467
2024-06-01 08:40:28.843000,2047414796.5818737
2024-06-01 08:40:40.835000,2047547913.9458933
2024-06-01 08:40:52.843000,2047494283.1257713
2024-06-01 08:41:04.835000,2047560969.8781776
2024-06-01 08:41:16.843000,2047831171.62981
2024-06-01 08:41:28.843000,2048247034.6887543
2024-06-01 08:41:40.843000,2048598130.5420628
2024-06-01 08:41:52.835000,2048967659.679147
2024-06-01 08:42:04.846000,2049270372.6869874
2024-06-01 08:42:16.835000,2049575390.1291125
2024-06-01 08:42:28.843000,2050277580.754433
2024-06-01 08:42:40.835000,2050975035.574182
2024-06-01 08:43:04.835000,2052309799.6491072
2024-06-01 08:43:19.045000,2041350152.9474056
2024-06-01 08:43:28.835000,2055141738.0235014
2024-06-01 08:43:42.936000,2047872246.4484572
2024-06-01 08:43:52.843000,2064702992.5341644
2024-06-01 08:44:06.807000,2058745984.814603
2024-06-01 08:44:16.835000,2075411561.4745512
2024-06-01 08:44:30.647000,2073416574.9094398
2024-06-01 08:44:40.835000,2081485376.8070874
2024-06-01 08:44:55.409000,2080010073.7226653
2024-06-01 08:45:04.846000,2096203507.6245863
2024-06-01 08:45:19.360000,2099542086.8890612
2024-06-01 08:45:28.843000,2124785152.2969537
2024-06-01 08:45:43.317000,2148599050.4264994
2024-06-01 08:45:52.843000,2157075158.884084
2024-06-01 08:46:06.482000,2113385350.9138074
2024-06-01 08:46:16.843000,2172819438.825341
2024-06-01 08:46:31.489000,2171370237.3223686
2024-06-01 08:46:40.843000,2181927526.229984
2024-06-01 08:46:55.491000,2189061635.937853
2024-06-01 08:47:04.846000,2190515981.294437
2024-06-01 08:47:19.453000,2196543398.9068885
2024-06-01 08:47:28.843000,2194889953.426081
2024-06-01 08:47:43.421000,2199757794.615509
2024-06-01 08:47:52.843000,2195019331.711689
2024-06-01 08:48:07.397000,2197839568.291876
2024-06-01 08:48:16.843000,2194859592.7524195
2024-06-01 08:48:31.355000,2197162874.014636
2024-06-01 08:48:40.843000,2194585584.4322114
2024-06-01 08:48:54.631000,2137850394.7842228
2024-06-01 08:49:04.846000,2193551838.6085286
2024-06-01 08:49:19.503000,2189731775.984292
2024-06-01 08:49:28.843000,2195279737.1886206
2024-06-01 08:49:43.477000,2200291018.0637646
2024-06-01 08:49:52.843000,2195962986.800933
2024-06-01 08:50:07.453000,2199174858.1577783
2024-06-01 08:50:16.843000,2195035503.511944
2024-06-01 08:50:31.422000,2198416920.5719724
2024-06-01 08:50:40.843000,2194438100.648677
2024-06-01 08:50:55.398000,2194423161.620665
2024-06-01 08:51:04.846000,2190609354.9101753
2024-06-01 08:51:19.355000,2187501390.0504036
2024-06-01 08:51:28.843000,2185841594.19007
2024-06-01 08:51:42.631000,2124157227.7343638
2024-06-01 08:51:52.843000,2183808971.7046237
2024-06-01 08:52:07.498000,2174575565.532474
2024-06-01 08:52:16.835000,2180293432.3390093
2024-06-01 08:52:31.477000,2174962113.8250055
2024-06-01 08:52:40.843000,2177182181.3431807
2024-06-01 08:52:55.453000,2176427197.110973
2024-06-01 08:53:04.846000,2177722958.2539015
2024-06-01 08:53:19.430000,2171422565.069846
2024-06-01 08:53:28.843000,2173317953.0700603
2024-06-01 08:53:43.398000,2169046353.7691565
2024-06-01 08:53:52.843000,2172032332.1592765
2024-06-01 08:54:07.356000,2164315589.031343
2024-06-01 08:54:16.843000,2168274725.2967076
2024-06-01 08:54:31.303000,2162044229.04463
2024-06-01 08:54:40.843000,2167914283.4995737
2024-06-01 08:54:55.247000,2163225629.146873
2024-06-01 08:55:04.846000,2165794707.48119
2024-06-01 08:55:18.485000,2099232565.2841783
2024-06-01 08:55:28.843000,2159899680.2006397
2024-06-01 08:55:43.497000,2142382990.9495761
2024-06-01 08:55:52.843000,2155405865.18827
2024-06-01 08:56:07.467000,2147610729.999527
2024-06-01 08:56:16.843000,2155183616.0
2024-06-01 08:56:31.453000,2147198144.8181667
2024-06-01 08:56:40.843000,2150967756.5161214
2024-06-01 08:56:55.429000,2139995692.2186682
2024-06-01 08:57:04.846000,2146091392.0
2024-06-01 08:57:19.398000,2135390237.0013072
2024-06-01 08:57:28.843000,2143330830.9962468
2024-06-01 08:57:43.358000,2131879875.9515085
2024-06-01 08:57:52.843000,2141310347.9655218
2024-06-01 08:58:07.303000,2130411526.6310508
2024-06-01 08:58:16.843000,2139973021.8785987
2024-06-01 08:58:31.250000,2128761713.604717
2024-06-01 08:58:40.843000,2138636522.5460901
2024-06-01 08:58:55.175000,2128505597.5177653
2024-06-01 08:59:04.846000,2137675501.2152567
2024-06-01 08:59:19.099000,2127771717.4566565
2024-06-01 08:59:28.843000,2136611598.7521946
2024-06-01 08:59:43.002000,2126503193.0827265
2024-06-01 08:59:52.843000,2133413163.0658157
2024-06-01 09:00:06.874000,2124756789.519617
2024-06-01 09:00:16.843000,2130508943.8349664
2024-06-01 09:00:30.733000,2124328707.7742522
2024-06-01 09:00:40.835000,2128270019.240231
2024-06-01 09:00:55.421000,2115364643.4600852
2024-06-01 09:01:04.846000,2125515402.7310412
2024-06-01 09:01:19.389000,2113132237.6976829
2024-06-01 09:01:28.843000,2124299820.1974828
2024-06-01 09:01:43.345000,2111011653.1613472
2024-06-01 09:01:52.843000,2122859890.6085231
2024-06-01 09:02:07.302000,2109976367.2878425
2024-06-01 09:02:16.843000,2122430989.5253901
2024-06-01 09:02:31.239000,2108938964.0204492
2024-06-01 09:02:40.843000,2121225820.2582028
2024-06-01 09:02:55.164000,2107318771.925332
2024-06-01 09:03:04.846000,2119085638.8563888
2024-06-01 09:03:19.085000,2105875383.4919903
2024-06-01 09:03:28.843000,2116745288.3349507
2024-06-01 09:03:42.980000,2105670863.9040563
2024-06-01 09:03:52.843000,2116090110.6758301
2024-06-01 09:04:06.860000,2106342218.560597
2024-06-01 09:04:16.843000,2115241497.9319835
2024-06-01 09:04:30.714000,2107791974.3437302
2024-06-01 09:04:40.835000,2114590223.541341
2024-06-01 09:04:54.539000,2108919375.1466894
2024-06-01 09:05:04.846000,2114257677.5460653
2024-06-01 09:05:18.325000,2110118053.2478237
2024-06-01 09:05:28.843000,2113568935.0602076
2024-06-01 09:05:43.344000,2098562214.962642
2024-06-01 09:05:52.843000,2113388296.329778
2024-06-01 09:06:07.290000,2098373837.9127183
2024-06-01 09:06:16.843000,2112598050.6912284
2024-06-01 09:06:31.228000,2098284158.4417627
2024-06-01 09:06:40.843000,2112180064.9903574
2024-06-01 09:06:55.152000,2098116246.8655262
2024-06-01 09:07:04.835000,2111683294.2581186
2024-06-01 09:07:19.066000,2098749257.3175488
2024-06-01 09:07:28.843000,2111245114.715803
2024-06-01 09:07:42.968000,2100111723.0971959
2024-06-01 09:07:52.843000,2110942902.4861226
2024-06-01 09:08:06.842000,2101893107.7304623
2024-06-01 09:08:16.843000,2110836692.948583
2024-06-01 09:08:30.681000,2103675535.586693
2024-06-01 09:08:40.843000,2110673172.7219684
2024-06-01 09:08:54.507000,2105721895.060746
2024-06-01 09:09:04.846000,2110780179.1918817
2024-06-01 09:09:18.284000,2107300318.2664778
2024-06-01 09:09:28.843000,2111007446.5707426
2024-06-01 09:09:43.334000,2097191656.3795776
2024-06-01 09:09:52.843000,2110533298.7996893
2024-06-01 09:10:07.281000,2095364726.0425222
2024-06-01 09:10:16.843000,2109088555.6198895
2024-06-01 09:10:31.218000,2093952363.060375
2024-06-01 09:10:40.843000,2107839817.1189945
2024-06-01 09:10:55.142000,2093726297.6062675
2024-06-01 09:11:04.835000,2107537735.457545
2024-06-01 09:11:19.060000,2095093006.0343614
2024-06-01 09:11:28.843000,2107316913.9507418
2024-06-01 09:11:42.940000,2096421117.3967288
2024-06-01 09:11:52.843000,2106905018.9050193
2024-06-01 09:12:06.819000,2097663630.3170207
2024-06-01 09:12:16.843000,2106415586.7922065
2024-06-01 09:12:30.660000,2098965587.2269335
2024-06-01 09:12:40.843000,2105836160.0
2024-06-01 09:12:54.476000,2100490945.6938639
2024-06-01 09:13:04.846000,2105443954.88791
2024-06-01 09:13:18.250000,2102106113.248531
2024-06-01 09:13:28.843000,2105932531.865064
2024-06-01 09:13:43.325000,2091892480.3371224
2024-06-01 09:13:52.843000,2106307758.9232767
2024-06-01 09:14:07.272000,2091786745.7760048
2024-06-01 09:14:16.843000,2106402625.2144387
2024-06-01 09:14:31.215000,2091892527.4080853
2024-06-01 09:14:40.843000,2106440857.0859995
2024-06-01 09:14:55.130000,2092834088.5150073
2024-06-01 09:15:04.846000,2106532750.7947574
